pseudonym_id,original_id
ID0001,0
ID0002,1
ID0003,2
ID0004,3
ID0005,4
ID0006,5
ID0007,6
ID0008,7
ID0009,8
ID0010,9
ID0011,10
ID0012,11
ID0013,12
ID0014,13
ID0015,14
ID0016,15
ID0017,16
ID0018,17
ID0019,18
ID0020,19
ID0021,20
ID0022,21
ID0023,22
ID0024,23
ID0025,24
ID0026,25
ID0027,26
ID0028,27
ID0029,28
ID0030,29
ID0031,30
ID0032,31
ID0033,32
ID0034,33
ID0035,34
ID0036,35
ID0037,36
ID0038,37
ID0039,38
ID0040,39
ID0041,40
ID0042,41
ID0043,42
ID0044,43
ID0045,44
ID0046,45
ID0047,46
ID0048,47
ID0049,48
ID0050,49
ID0051,50
ID0052,51
ID0053,52
ID0054,53
ID0055,54
ID0056,55
ID0057,56
ID0058,57
ID0059,58
ID0060,59
ID0061,60
ID0062,61
ID0063,62
ID0064,63
ID0065,64
ID0066,65
ID0067,66
ID0068,67
ID0069,68
ID0070,69
ID0071,70
ID0072,71
ID0073,72
ID0074,73
ID0075,74
ID0076,75
ID0077,76
ID0078,77
ID0079,78
ID0080,79
ID0081,80
ID0082,81
ID0083,82
ID0084,83
ID0085,84
ID0086,85
ID0087,86
ID0088,87
ID0089,88
ID0090,89
ID0091,90
ID0092,91
ID0093,92
ID0094,93
ID0095,94
ID0096,95
ID0097,96
ID0098,97
ID0099,98
ID0100,99
ID0101,100
ID0102,101
ID0103,102
ID0104,103
ID0105,104
ID0106,105
ID0107,106
ID0108,107
ID0109,108
ID0110,109
ID0111,110
ID0112,111
ID0113,112
ID0114,113
ID0115,114
ID0116,115
ID0117,116
ID0118,117
ID0119,118
ID0120,119
ID0121,120
ID0122,121
ID0123,122
ID0124,123
ID0125,124
ID0126,125
ID0127,126
ID0128,127
ID0129,128
ID0130,129
ID0131,130
ID0132,131
ID0133,132
ID0134,133
ID0135,134
ID0136,135
ID0137,136
ID0138,137
ID0139,138
ID0140,139
ID0141,140
ID0142,141
ID0143,142
ID0144,143
ID0145,144
ID0146,145
ID0147,146
ID0148,147
ID0149,148
ID0150,149
ID0151,150
ID0152,151
ID0153,152
ID0154,153
ID0155,154
ID0156,155
ID0157,156
ID0158,157
ID0159,158
ID0160,159
ID0161,160
ID0162,161
ID0163,162
ID0164,163
ID0165,164
ID0166,165
ID0167,166
ID0168,167
ID0169,168
ID0170,169
ID0171,170
ID0172,171
ID0173,172
ID0174,173
ID0175,174
ID0176,175
ID0177,176
ID0178,177
ID0179,178
ID0180,179
ID0181,180
ID0182,181
ID0183,182
ID0184,183
ID0185,184
ID0186,185
ID0187,186
ID0188,187
ID0189,188
ID0190,189
ID0191,190
ID0192,191
ID0193,192
ID0194,193
ID0195,194
ID0196,195
ID0197,196
ID0198,197
ID0199,198
ID0200,199
ID0201,200
ID0202,201
ID0203,202
ID0204,203
ID0205,204
ID0206,205
ID0207,206
ID0208,207
ID0209,208
ID0210,209
ID0211,210
ID0212,211
ID0213,212
ID0214,213
ID0215,214
ID0216,215
ID0217,216
ID0218,217
ID0219,218
ID0220,219
ID0221,220
ID0222,221
ID0223,222
ID0224,223
ID0225,224
ID0226,225
ID0227,226
ID0228,227
ID0229,228
ID0230,229
ID0231,230
ID0232,231
ID0233,232
ID0234,233
ID0235,234
ID0236,235
ID0237,236
ID0238,237
ID0239,238
ID0240,239
ID0241,240
ID0242,241
ID0243,242
ID0244,243
ID0245,244
ID0246,245
ID0247,246
ID0248,247
ID0249,248
ID0250,249
ID0251,250
ID0252,251
ID0253,252
ID0254,253
ID0255,254
ID0256,255
ID0257,256
ID0258,257
ID0259,258
ID0260,259
ID0261,260
ID0262,261
ID0263,262
ID0264,263
ID0265,264
ID0266,265
ID0267,266
ID0268,267
ID0269,268
ID0270,269
ID0271,270
ID0272,271
ID0273,272
ID0274,273
ID0275,274
ID0276,275
ID0277,276
ID0278,277
ID0279,278
ID0280,279
ID0281,280
ID0282,281
ID0283,282
ID0284,283
ID0285,284
ID0286,285
ID0287,286
ID0288,287
ID0289,288
ID0290,289
ID0291,290
ID0292,291
ID0293,292
ID0294,293
ID0295,294
ID0296,295
ID0297,296
ID0298,297
ID0299,298
ID0300,299
ID0301,300
ID0302,301
ID0303,302
ID0304,303
ID0305,304
ID0306,305
ID0307,306
ID0308,307
ID0309,308
ID0310,309
ID0311,310
ID0312,311
ID0313,312
ID0314,313
ID0315,314
ID0316,315
ID0317,316
ID0318,317
ID0319,318
ID0320,319
ID0321,320
ID0322,321
ID0323,322
ID0324,323
ID0325,324
ID0326,325
ID0327,326
ID0328,327
ID0329,328
ID0330,329
ID0331,330
ID0332,331
ID0333,332
ID0334,333
ID0335,334
ID0336,335
ID0337,336
ID0338,337
ID0339,338
ID0340,339
ID0341,340
ID0342,341
ID0343,342
ID0344,343
ID0345,344
ID0346,345
ID0347,346
ID0348,347
ID0349,348
ID0350,349
ID0351,350
ID0352,351
ID0353,352
ID0354,353
ID0355,354
ID0356,355
ID0357,356
ID0358,357
ID0359,358
ID0360,359
ID0361,360
ID0362,361
ID0363,362
ID0364,363
ID0365,364
ID0366,365
ID0367,366
ID0368,367
ID0369,368
ID0370,369
ID0371,370
ID0372,371
ID0373,372
ID0374,373
ID0375,374
ID0376,375
ID0377,376
ID0378,377
ID0379,378
ID0380,379
ID0381,380
ID0382,381
ID0383,382
ID0384,383
ID0385,384
ID0386,385
ID0387,386
ID0388,387
ID0389,388
ID0390,389
ID0391,390
ID0392,391
ID0393,392
ID0394,393
ID0395,394
ID0396,395
ID0397,396
ID0398,397
ID0399,398
ID0400,399
ID0401,400
ID0402,401
ID0403,402
ID0404,403
ID0405,404
ID0406,405
ID0407,406
ID0408,407
ID0409,408
ID0410,409
ID0411,410
ID0412,411
ID0413,412
ID0414,413
ID0415,414
ID0416,415
ID0417,416
ID0418,417
ID0419,418
ID0420,419
ID0421,420
ID0422,421
ID0423,422
ID0424,423
ID0425,424
ID0426,425
ID0427,426
ID0428,427
ID0429,428
ID0430,429
ID0431,430
ID0432,431
ID0433,432
ID0434,433
ID0435,434
ID0436,435
ID0437,436
ID0438,437
ID0439,438
ID0440,439
ID0441,440
ID0442,441
ID0443,442
ID0444,443
ID0445,444
ID0446,445
ID0447,446
ID0448,447
ID0449,448
ID0450,449
ID0451,450
ID0452,451
ID0453,452
ID0454,453
ID0455,454
ID0456,455
ID0457,456
ID0458,457
ID0459,458
ID0460,459
ID0461,460
ID0462,461
ID0463,462
ID0464,463
ID0465,464
ID0466,465
ID0467,466
ID0468,467
ID0469,468
ID0470,469
ID0471,470
ID0472,471
ID0473,472
ID0474,473
ID0475,474
ID0476,475
ID0477,476
ID0478,477
ID0479,478
ID0480,479
ID0481,480
ID0482,481
ID0483,482
ID0484,483
ID0485,484
ID0486,485
ID0487,486
ID0488,487
ID0489,488
ID0490,489
ID0491,490
ID0492,491
ID0493,492
ID0494,493
ID0495,494
ID0496,495
ID0497,496
ID0498,497
ID0499,498
ID0500,499
ID0501,500
ID0502,501
ID0503,502
ID0504,503
ID0505,504
ID0506,505
ID0507,506
ID0508,507
ID0509,508
ID0510,509
ID0511,510
ID0512,511
ID0513,512
ID0514,513
ID0515,514
ID0516,515
ID0517,516
ID0518,517
ID0519,518
ID0520,519
ID0521,520
ID0522,521
ID0523,522
ID0524,523
ID0525,524
ID0526,525
ID0527,526
ID0528,527
ID0529,528
ID0530,529
ID0531,530
ID0532,531
ID0533,532
ID0534,533
ID0535,534
ID0536,535
ID0537,536
ID0538,537
ID0539,538
ID0540,539
ID0541,540
ID0542,541
ID0543,542
ID0544,543
ID0545,544
ID0546,545
ID0547,546
ID0548,547
ID0549,548
ID0550,549
ID0551,550
ID0552,551
ID0553,552
ID0554,553
ID0555,554
ID0556,555
ID0557,556
ID0558,557
ID0559,558
ID0560,559
ID0561,560
ID0562,561
ID0563,562
ID0564,563
ID0565,564
ID0566,565
ID0567,566
ID0568,567
ID0569,568
ID0570,569
ID0571,570
ID0572,571
ID0573,572
ID0574,573
ID0575,574
ID0576,575
ID0577,576
ID0578,577
ID0579,578
ID0580,579
ID0581,580
ID0582,581
ID0583,582
ID0584,583
ID0585,584
ID0586,585
ID0587,586
ID0588,587
ID0589,588
ID0590,589
ID0591,590
ID0592,591
ID0593,592
ID0594,593
ID0595,594
ID0596,595
ID0597,596
ID0598,597
ID0599,598
ID0600,599
ID0601,600
ID0602,601
ID0603,602
ID0604,603
ID0605,604
ID0606,605
ID0607,606
ID0608,607
ID0609,608
ID0610,609
ID0611,610
ID0612,611
ID0613,612
ID0614,613
ID0615,614
ID0616,615
ID0617,616
ID0618,617
ID0619,618
ID0620,619
ID0621,620
ID0622,621
ID0623,622
ID0624,623
ID0625,624
ID0626,625
ID0627,626
ID0628,627
ID0629,628
ID0630,629
ID0631,630
ID0632,631
ID0633,632
ID0634,633
ID0635,634
ID0636,635
ID0637,636
ID0638,637
ID0639,638
ID0640,639
ID0641,640
ID0642,641
ID0643,642
ID0644,643
ID0645,644
ID0646,645
ID0647,646
ID0648,647
ID0649,648
ID0650,649
ID0651,650
ID0652,651
ID0653,652
ID0654,653
ID0655,654
ID0656,655
ID0657,656
ID0658,657
ID0659,658
ID0660,659
ID0661,660
ID0662,661
ID0663,662
ID0664,663
ID0665,664
ID0666,665
ID0667,666
ID0668,667
ID0669,668
ID0670,669
ID0671,670
ID0672,671
ID0673,672
ID0674,673
ID0675,674
ID0676,675
ID0677,676
ID0678,677
ID0679,678
ID0680,679
ID0681,680
ID0682,681
ID0683,682
ID0684,683
ID0685,684
ID0686,685
ID0687,686
ID0688,687
ID0689,688
ID0690,689
ID0691,690
ID0692,691
ID0693,692
ID0694,693
ID0695,694
ID0696,695
ID0697,696
ID0698,697
ID0699,698
ID0700,699
ID0701,700
ID0702,701
ID0703,702
ID0704,703
ID0705,704
ID0706,705
ID0707,706
ID0708,707
ID0709,708
ID0710,709
ID0711,710
ID0712,711
ID0713,712
ID0714,713
ID0715,714
ID0716,715
ID0717,716
ID0718,717
ID0719,718
ID0720,719
ID0721,720
ID0722,721
ID0723,722
ID0724,723
ID0725,724
ID0726,725
ID0727,726
ID0728,727
ID0729,728
ID0730,729
ID0731,730
ID0732,731
ID0733,732
ID0734,733
ID0735,734
ID0736,735
ID0737,736
ID0738,737
ID0739,738
ID0740,739
ID0741,740
ID0742,741
ID0743,742
ID0744,743
ID0745,744
ID0746,745
ID0747,746
ID0748,747
ID0749,748
ID0750,749
ID0751,750
ID0752,751
ID0753,752
ID0754,753
ID0755,754
ID0756,755
ID0757,756
ID0758,757
ID0759,758
ID0760,759
ID0761,760
ID0762,761
ID0763,762
ID0764,763
ID0765,764
ID0766,765
ID0767,766
ID0768,767
ID0769,768
ID0770,769
ID0771,770
ID0772,771
ID0773,772
ID0774,773
ID0775,774
ID0776,775
ID0777,776
ID0778,777
ID0779,778
ID0780,779
ID0781,780
ID0782,781
ID0783,782
ID0784,783
ID0785,784
ID0786,785
ID0787,786
ID0788,787
ID0789,788
ID0790,789
ID0791,790
ID0792,791
ID0793,792
ID0794,793
ID0795,794
ID0796,795
ID0797,796
ID0798,797
ID0799,798
ID0800,799
ID0801,800
ID0802,801
ID0803,802
ID0804,803
ID0805,804
ID0806,805
ID0807,806
ID0808,807
ID0809,808
ID0810,809
ID0811,810
ID0812,811
ID0813,812
ID0814,813
ID0815,814
ID0816,815
ID0817,816
ID0818,817
ID0819,818
ID0820,819
ID0821,820
ID0822,821
ID0823,822
ID0824,823
ID0825,824
ID0826,825
ID0827,826
ID0828,827
ID0829,828
ID0830,829
ID0831,830
ID0832,831
ID0833,832
ID0834,833
ID0835,834
ID0836,835
ID0837,836
ID0838,837
ID0839,838
ID0840,839
ID0841,840
ID0842,841
ID0843,842
ID0844,843
ID0845,844
ID0846,845
ID0847,846
ID0848,847
ID0849,848
ID0850,849
ID0851,850
ID0852,851
ID0853,852
ID0854,853
ID0855,854
ID0856,855
ID0857,856
ID0858,857
ID0859,858
ID0860,859
ID0861,860
ID0862,861
ID0863,862
ID0864,863
ID0865,864
ID0866,865
ID0867,866
ID0868,867
ID0869,868
ID0870,869
ID0871,870
ID0872,871
ID0873,872
ID0874,873
ID0875,874
ID0876,875
ID0877,876
ID0878,877
ID0879,878
ID0880,879
ID0881,880
ID0882,881
ID0883,882
ID0884,883
ID0885,884
ID0886,885
ID0887,886
ID0888,887
ID0889,888
ID0890,889
ID0891,890
ID0892,891
ID0893,892
ID0894,893
ID0895,894
ID0896,895
ID0897,896
ID0898,897
ID0899,898
ID0900,899
ID0901,900
ID0902,901
ID0903,902
ID0904,903
ID0905,904
ID0906,905
ID0907,906
ID0908,907
ID0909,908
ID0910,909
ID0911,910
ID0912,911
ID0913,912
ID0914,913
ID0915,914
ID0916,915
ID0917,916
ID0918,917
ID0919,918
ID0920,919
ID0921,920
ID0922,921
ID0923,922
ID0924,923
ID0925,924
ID0926,925
ID0927,926
ID0928,927
ID0929,928
ID0930,929
ID0931,930
ID0932,931
ID0933,932
ID0934,933
ID0935,934
ID0936,935
ID0937,936
ID0938,937
ID0939,938
ID0940,939
ID0941,940
ID0942,941
ID0943,942
ID0944,943
ID0945,944
ID0946,945
ID0947,946
ID0948,947
ID0949,948
ID0950,949
ID0951,950
ID0952,951
ID0953,952
ID0954,953
ID0955,954
ID0956,955
ID0957,956
ID0958,957
ID0959,958
ID0960,959
ID0961,960
ID0962,961
ID0963,962
ID0964,963
ID0965,964
ID0966,965
ID0967,966
ID0968,967
ID0969,968
ID0970,969
ID0971,970
ID0972,971
ID0973,972
ID0974,973
ID0975,974
ID0976,975
ID0977,976
ID0978,977
ID0979,978
ID0980,979
ID0981,980
ID0982,981
ID0983,982
ID0984,983
ID0985,984
ID0986,985
ID0987,986
ID0988,987
ID0989,988
ID0990,989
ID0991,990
ID0992,991
ID0993,992
ID0994,993
ID0995,994
ID0996,995
ID0997,996
ID0998,997
ID0999,998
ID1000,999
ID1001,1000
ID1002,1001
ID1003,1002
ID1004,1003
ID1005,1004
ID1006,1005
ID1007,1006
ID1008,1007
ID1009,1008
ID1010,1009
ID1011,1010
ID1012,1011
ID1013,1012
ID1014,1013
ID1015,1014
ID1016,1015
ID1017,1016
ID1018,1017
ID1019,1018
ID1020,1019
ID1021,1020
ID1022,1021
ID1023,1022
ID1024,1023
ID1025,1024
ID1026,1025
ID1027,1026
ID1028,1027
ID1029,1028
ID1030,1029
ID1031,1030
ID1032,1031
ID1033,1032
ID1034,1033
ID1035,1034
ID1036,1035
ID1037,1036
ID1038,1037
ID1039,1038
ID1040,1039
ID1041,1040
ID1042,1041
ID1043,1042
ID1044,1043
ID1045,1044
ID1046,1045
ID1047,1046
ID1048,1047
ID1049,1048
ID1050,1049
ID1051,1050
ID1052,1051
ID1053,1052
ID1054,1053
ID1055,1054
ID1056,1055
ID1057,1056
ID1058,1057
ID1059,1058
ID1060,1059
ID1061,1060
ID1062,1061
ID1063,1062
ID1064,1063
ID1065,1064
ID1066,1065
ID1067,1066
ID1068,1067
ID1069,1068
ID1070,1069
ID1071,1070
ID1072,1071
ID1073,1072
ID1074,1073
ID1075,1074
ID1076,1075
ID1077,1076
ID1078,1077
ID1079,1078
ID1080,1079
ID1081,1080
ID1082,1081
ID1083,1082
ID1084,1083
ID1085,1084
ID1086,1085
ID1087,1086
ID1088,1087
ID1089,1088
ID1090,1089
ID1091,1090
ID1092,1091
ID1093,1092
ID1094,1093
ID1095,1094
ID1096,1095
ID1097,1096
ID1098,1097
ID1099,1098
ID1100,1099
ID1101,1100
ID1102,1101
ID1103,1102
ID1104,1103
ID1105,1104
ID1106,1105
ID1107,1106
ID1108,1107
ID1109,1108
ID1110,1109
ID1111,1110
ID1112,1111
ID1113,1112
ID1114,1113
ID1115,1114
ID1116,1115
ID1117,1116
ID1118,1117
ID1119,1118
ID1120,1119
ID1121,1120
ID1122,1121
ID1123,1122
ID1124,1123
ID1125,1124
ID1126,1125
ID1127,1126
ID1128,1127
ID1129,1128
ID1130,1129
ID1131,1130
ID1132,1131
ID1133,1132
ID1134,1133
ID1135,1134
ID1136,1135
ID1137,1136
ID1138,1137
ID1139,1138
ID1140,1139
ID1141,1140
ID1142,1141
ID1143,1142
ID1144,1143
ID1145,1144
ID1146,1145
ID1147,1146
ID1148,1147
ID1149,1148
ID1150,1149
ID1151,1150
ID1152,1151
ID1153,1152
ID1154,1153
ID1155,1154
ID1156,1155
ID1157,1156
ID1158,1157
ID1159,1158
ID1160,1159
ID1161,1160
ID1162,1161
ID1163,1162
ID1164,1163
ID1165,1164
ID1166,1165
ID1167,1166
ID1168,1167
ID1169,1168
ID1170,1169
ID1171,1170
ID1172,1171
ID1173,1172
ID1174,1173
ID1175,1174
ID1176,1175
ID1177,1176
ID1178,1177
ID1179,1178
ID1180,1179
ID1181,1180
ID1182,1181
ID1183,1182
ID1184,1183
ID1185,1184
ID1186,1185
ID1187,1186
ID1188,1187
ID1189,1188
ID1190,1189
ID1191,1190
ID1192,1191
ID1193,1192
ID1194,1193
ID1195,1194
ID1196,1195
ID1197,1196
ID1198,1197
ID1199,1198
ID1200,1199
ID1201,1200
ID1202,1201
ID1203,1202
ID1204,1203
ID1205,1204
ID1206,1205
ID1207,1206
ID1208,1207
ID1209,1208
ID1210,1209
ID1211,1210
ID1212,1211
ID1213,1212
ID1214,1213
ID1215,1214
ID1216,1215
ID1217,1216
ID1218,1217
ID1219,1218
ID1220,1219
ID1221,1220
ID1222,1221
ID1223,1222
ID1224,1223
ID1225,1224
ID1226,1225
ID1227,1226
ID1228,1227
ID1229,1228
ID1230,1229
ID1231,1230
ID1232,1231
ID1233,1232
ID1234,1233
ID1235,1234
ID1236,1235
ID1237,1236
ID1238,1237
ID1239,1238
ID1240,1239
ID1241,1240
ID1242,1241
ID1243,1242
ID1244,1243
ID1245,1244
ID1246,1245
ID1247,1246
ID1248,1247
ID1249,1248
ID1250,1249
ID1251,1250
ID1252,1251
ID1253,1252
ID1254,1253
ID1255,1254
ID1256,1255
ID1257,1256
ID1258,1257
ID1259,1258
ID1260,1259
ID1261,1260
ID1262,1261
ID1263,1262
ID1264,1263
ID1265,1264
ID1266,1265
ID1267,1266
ID1268,1267
ID1269,1268
ID1270,1269
ID1271,1270
ID1272,1271
ID1273,1272
ID1274,1273
ID1275,1274
ID1276,1275
ID1277,1276
ID1278,1277
ID1279,1278
ID1280,1279
ID1281,1280
ID1282,1281
ID1283,1282
ID1284,1283
ID1285,1284
ID1286,1285
ID1287,1286
ID1288,1287
ID1289,1288
ID1290,1289
ID1291,1290
ID1292,1291
ID1293,1292
ID1294,1293
ID1295,1294
ID1296,1295
ID1297,1296
ID1298,1297
ID1299,1298
ID1300,1299
ID1301,1300
ID1302,1301
ID1303,1302
ID1304,1303
ID1305,1304
ID1306,1305
ID1307,1306
ID1308,1307
ID1309,1308
ID1310,1309
