original_id,pclass,survived,sex,sibsp,parch,fare,embarked,boat,body,ticket_masked,home_masked,age_group,fare_perturbed,pseudonym_id
0,1.0,1.0,female,0.0,0.0,211.3375,S,2,,160,MO,jeune adulte,220.29,ID0001
1,1.0,1.0,male,1.0,2.0,151.55,S,11,,781,ON,enfant,138.02,ID0002
2,1.0,0.0,female,1.0,2.0,151.55,S,,,781,ON,enfant,148.4,ID0003
3,1.0,0.0,male,1.0,2.0,151.55,S,,135.0,781,ON,jeune adulte,141.47,ID0004
4,1.0,0.0,female,1.0,2.0,151.55,S,,,781,ON,jeune adulte,161.31,ID0005
5,1.0,1.0,male,0.0,0.0,26.55,S,3,,952,NY,adulte,27.61,ID0006
6,1.0,1.0,female,1.0,0.0,77.9583,S,10,,502,NY,senior,83.93,ID0007
7,1.0,0.0,male,0.0,0.0,0.0,S,,,050,NI,adulte,0.0,ID0008
8,1.0,1.0,female,2.0,0.0,51.4792,S,D,,769,NY,adulte,54.31,ID0009
9,1.0,0.0,male,0.0,0.0,49.5042,C,,22.0,609,Uruguay,senior,54.4,ID0010
10,1.0,0.0,male,1.0,0.0,227.525,C,,124.0,757,NY,adulte,232.75,ID0011
11,1.0,1.0,female,1.0,0.0,227.525,C,4,,757,NY,ado,206.46,ID0012
12,1.0,1.0,female,0.0,0.0,69.3,C,9,,477,France,jeune adulte,62.57,ID0013
13,1.0,1.0,female,0.0,0.0,78.85,S,6,,877,,jeune adulte,76.36,ID0014
14,1.0,1.0,male,0.0,0.0,30.0,S,B,,042,Yorks,senior,31.94,ID0015
15,1.0,0.0,male,0.0,0.0,25.925,S,,,318,NY,,27.82,ID0016
16,1.0,0.0,male,0.0,1.0,247.5208,C,,,558,PQ,jeune adulte,270.33,ID0017
17,1.0,1.0,female,0.0,1.0,247.5208,C,6,,558,PQ,adulte,225.99,ID0018
18,1.0,1.0,female,0.0,0.0,76.2917,C,8,,813,,jeune adulte,69.34,ID0019
19,1.0,0.0,male,0.0,0.0,75.2417,C,A,,050,MN,adulte,81.46,ID0020
20,1.0,1.0,male,1.0,1.0,52.5542,S,5,,751,NY,adulte,50.51,ID0021
21,1.0,1.0,female,1.0,1.0,52.5542,S,5,,751,NY,adulte,53.16,ID0022
22,1.0,1.0,male,0.0,0.0,30.0,C,5,,369,NY,jeune adulte,32.89,ID0023
23,1.0,1.0,female,0.0,0.0,227.525,C,4,,757,,adulte,222.99,ID0024
24,1.0,1.0,female,0.0,0.0,221.7792,S,8,,483,,jeune adulte,229.14,ID0025
25,1.0,0.0,male,0.0,0.0,26.0,C,,148.0,905,CA,jeune adulte,25.48,ID0026
26,1.0,1.0,male,1.0,0.0,91.0792,C,7,,967,MI,jeune adulte,95.96,ID0027
27,1.0,1.0,female,1.0,0.0,91.0792,C,7,,967,MI,jeune adulte,91.58,ID0028
28,1.0,1.0,female,0.0,0.0,135.6333,S,8,,760,,jeune adulte,128.51,ID0029
29,1.0,1.0,male,0.0,0.0,26.55,S,D,,564,DC,jeune adulte,25.34,ID0030
30,1.0,0.0,male,0.0,0.0,35.5,S,,,784,NJ,adulte,33.78,ID0031
31,1.0,1.0,male,0.0,0.0,31.0,C,7,,277,NJ,adulte,31.2,ID0032
32,1.0,1.0,female,0.0,0.0,164.8667,S,8,,928,OH,jeune adulte,171.57,ID0033
33,1.0,1.0,female,0.0,0.0,26.55,S,8,,783,Ohio,adulte,28.94,ID0034
34,1.0,0.0,male,0.0,0.0,26.55,S,,,489,MB,adulte,27.58,ID0035
35,1.0,1.0,female,0.0,0.0,262.375,C,4,,608,NY,adulte,277.13,ID0036
36,1.0,1.0,female,0.0,1.0,55.0,S,6,,505,England Ohio,jeune adulte,51.36,ID0037
37,1.0,1.0,male,0.0,0.0,26.55,S,9,,427,CA,,25.88,ID0038
38,1.0,0.0,male,0.0,0.0,30.5,S,,,054,WA,adulte,29.97,ID0039
39,1.0,0.0,male,0.0,0.0,50.4958,C,,208.0,591,NE,adulte,52.38,ID0040
40,1.0,0.0,male,0.0,0.0,39.6,C,,,379,PA,,37.98,ID0041
41,1.0,1.0,female,0.0,0.0,27.7208,C,6,,610,CO,adulte,26.63,ID0042
42,1.0,1.0,female,2.0,0.0,51.4792,S,D,,769,MA,adulte,50.0,ID0043
43,1.0,1.0,female,0.0,0.0,76.2917,C,8,,813,PA,adulte,81.03,ID0044
44,1.0,1.0,female,0.0,0.0,134.5,C,3,,966,,adulte,136.59,ID0045
45,1.0,0.0,male,0.0,0.0,26.55,S,,,050,DC,adulte,24.29,ID0046
46,1.0,0.0,male,0.0,0.0,31.0,S,,,798,,,28.39,ID0047
47,1.0,1.0,male,0.0,0.0,26.2875,S,5,,476,NY,adulte,25.61,ID0048
48,1.0,1.0,female,0.0,0.0,27.4458,C,6,,606,DC,adulte,28.91,ID0049
49,1.0,1.0,male,0.0,1.0,512.3292,C,3,,755,PA,adulte,531.66,ID0050
50,1.0,1.0,female,0.0,1.0,512.3292,C,3,,755,PA,adulte,533.64,ID0051
51,1.0,0.0,male,0.0,0.0,5.0,S,,,695,NY,jeune adulte,5.27,ID0052
52,1.0,0.0,male,0.0,0.0,47.1,S,,,059,Uruguay,jeune adulte,45.09,ID0053
53,1.0,0.0,male,0.0,0.0,47.1,S,,,059,Uruguay,ado,47.55,ID0054
54,1.0,1.0,male,1.0,2.0,120.0,S,4,,760,PA,enfant,121.04,ID0055
55,1.0,1.0,female,1.0,2.0,120.0,S,4,,760,PA,ado,125.75,ID0056
56,1.0,1.0,male,1.0,2.0,120.0,S,C,,760,PA,adulte,130.96,ID0057
57,1.0,1.0,female,1.0,2.0,120.0,S,4,,760,PA,adulte,114.67,ID0058
58,1.0,0.0,male,0.0,0.0,26.0,S,,,924,NY,adulte,27.53,ID0059
59,1.0,1.0,female,0.0,0.0,27.7208,C,5,,770,NY,,28.61,ID0060
60,1.0,0.0,male,1.0,0.0,78.85,S,,172.0,877,Staffs,adulte,80.12,ID0061
61,1.0,1.0,female,1.0,0.0,78.85,S,6,,877,Staffs,senior,83.18,ID0062
62,1.0,0.0,male,1.0,0.0,61.175,S,,,734,ND,adulte,66.61,ID0063
63,1.0,1.0,female,1.0,0.0,61.175,S,4,,734,ND,adulte,55.51,ID0064
64,1.0,1.0,male,1.0,0.0,53.1,S,5,,806,NY,jeune adulte,49.36,ID0065
65,1.0,1.0,female,1.0,0.0,53.1,S,5,,806,NY,jeune adulte,55.82,ID0066
66,1.0,1.0,female,0.0,0.0,262.375,C,4,,608,,adulte,240.53,ID0067
67,1.0,1.0,female,0.0,0.0,86.5,S,8,,152,England,jeune adulte,86.78,ID0068
68,1.0,1.0,male,0.0,0.0,29.7,C,7,,594,France,adulte,28.04,ID0069
69,1.0,1.0,female,0.0,1.0,55.0,S,6,,505,England Ohio,,52.52,ID0070
70,1.0,0.0,male,0.0,0.0,0.0,S,,,051,England / Belfast,,0.0,ID0071
71,1.0,0.0,male,1.0,0.0,136.7792,C,,,508,CA,jeune adulte,123.93,ID0072
72,1.0,1.0,female,1.0,0.0,136.7792,C,4,,508,CA,jeune adulte,146.99,ID0073
73,1.0,1.0,female,0.0,0.0,151.55,S,11,,781,,jeune adulte,149.87,ID0074
74,1.0,0.0,male,0.0,0.0,52.0,S,,,465,MA,,52.02,ID0075
75,1.0,0.0,male,0.0,0.0,25.5875,S,,,727,BC,adulte,25.79,ID0076
76,1.0,1.0,female,1.0,1.0,83.1583,C,14,,756,NJ,adulte,85.58,ID0077
77,1.0,0.0,male,1.0,1.0,83.1583,C,,,756,NJ,adulte,80.58,ID0078
78,1.0,1.0,female,0.0,2.0,83.1583,C,14,,756,NJ,senior,76.52,ID0079
79,1.0,1.0,female,2.0,0.0,25.7,S,2,,770,NY,adulte,24.77,ID0080
80,1.0,0.0,male,0.0,0.0,26.55,S,,,791,IN,,24.79,ID0081
81,1.0,0.0,male,1.0,1.0,71.0,S,,269.0,735,WI,senior,71.8,ID0082
82,1.0,1.0,female,0.0,2.0,71.0,S,7,,735,WI,adulte,68.42,ID0083
83,1.0,1.0,female,1.0,1.0,26.55,S,7,,901,WI,senior,28.98,ID0084
84,1.0,0.0,male,1.0,0.0,71.2833,C,,,599,NY,adulte,77.92,ID0085
85,1.0,1.0,female,1.0,0.0,71.2833,C,4,,599,NY,adulte,73.0,ID0086
86,1.0,1.0,male,0.0,0.0,26.55,S,5 9,,055,Peru,adulte,27.17,ID0087
87,1.0,1.0,male,0.0,0.0,30.5,S,3,,804,PA,jeune adulte,33.46,ID0088
88,1.0,1.0,female,0.0,0.0,151.55,S,8,,781,,jeune adulte,163.29,ID0089
89,1.0,0.0,male,1.0,0.0,52.0,S,,,750,PQ,jeune adulte,54.76,ID0090
90,1.0,1.0,female,1.0,2.0,52.0,S,3,,750,PQ,jeune adulte,50.06,ID0091
91,1.0,1.0,male,1.0,0.0,57.0,S,3,,474,AB,jeune adulte,55.47,ID0092
92,1.0,1.0,female,1.0,0.0,57.0,S,3,,474,AB,ado,53.59,ID0093
93,1.0,1.0,male,1.0,1.0,81.8583,S,13,,638,CA,adulte,81.65,ID0094
94,1.0,1.0,male,0.0,2.0,81.8583,S,5,,638,CA,enfant,89.89,ID0095
95,1.0,1.0,female,1.0,1.0,81.8583,S,5,,638,CA,adulte,88.61,ID0096
96,1.0,0.0,male,1.0,0.0,106.425,C,,62.0,761,IA,adulte,98.3,ID0097
97,1.0,1.0,female,1.0,1.0,247.5208,C,6,,558,PQ,jeune adulte,224.02,ID0098
98,1.0,1.0,female,1.0,0.0,106.425,C,2,,761,IA,adulte,114.91,ID0099
99,1.0,1.0,female,1.0,0.0,39.6,C,1,,755,London / Paris,adulte,39.89,ID0100
100,1.0,1.0,male,1.0,0.0,56.9292,C,1,,485,London / Paris,adulte,53.52,ID0101
101,1.0,0.0,male,0.0,0.0,29.7,C,,133.0,580,PA,adulte,30.73,ID0102
102,1.0,1.0,female,0.0,1.0,83.1583,C,7,,767,PA,jeune adulte,85.56,ID0103
103,1.0,1.0,female,0.0,0.0,227.525,C,4,,757,NY,adulte,210.33,ID0104
104,1.0,1.0,female,1.0,0.0,78.2667,C,4,,947,MA,adulte,74.5,ID0105
105,1.0,0.0,female,0.0,0.0,31.6792,C,,,531,NY,adulte,28.89,ID0106
106,1.0,0.0,male,0.0,0.0,221.7792,S,,,483,,,208.91,ID0107
107,1.0,1.0,female,0.0,0.0,31.6833,S,7,,598,NY,,29.35,ID0108
108,1.0,1.0,female,0.0,0.0,110.8833,C,4,,421,,,104.08,ID0109
109,1.0,1.0,male,0.0,0.0,26.3875,S,5,,474,NY,adulte,27.37,ID0110
110,1.0,0.0,male,0.0,0.0,27.75,C,,,051,NY,jeune adulte,25.25,ID0111
111,1.0,1.0,female,3.0,2.0,263.0,S,10,,950,MB,jeune adulte,242.06,ID0112
112,1.0,1.0,female,3.0,2.0,263.0,S,10,,950,MB,jeune adulte,243.76,ID0113
113,1.0,1.0,female,3.0,2.0,263.0,S,10,,950,MB,jeune adulte,253.35,ID0114
114,1.0,0.0,male,3.0,2.0,263.0,S,,,950,MB,jeune adulte,252.41,ID0115
115,1.0,0.0,male,1.0,4.0,263.0,S,,,950,MB,senior,250.12,ID0116
116,1.0,1.0,female,1.0,4.0,263.0,S,10,,950,MB,adulte,276.18,ID0117
117,1.0,1.0,female,0.0,0.0,56.9292,C,1,,485,,jeune adulte,62.6,ID0118
118,1.0,0.0,male,0.0,0.0,26.55,S,,,778,Essex,,26.73,ID0119
119,1.0,1.0,male,2.0,0.0,133.65,S,5,,611,NY,adulte,145.52,ID0120
120,1.0,1.0,male,1.0,0.0,27.7208,C,5,,765,NY,adulte,27.15,ID0121
121,1.0,1.0,female,1.0,0.0,133.65,S,5,,611,NY,,123.14,ID0122
122,1.0,1.0,female,0.0,2.0,49.5,C,5,,568,Switzerland,jeune adulte,48.6,ID0123
123,1.0,1.0,male,1.0,1.0,79.2,C,5,,567,Switzerland,adulte,75.97,ID0124
124,1.0,1.0,female,1.0,1.0,79.2,C,5,,567,Switzerland,adulte,79.1,ID0125
125,1.0,0.0,male,0.0,0.0,0.0,S,,,058,,,0.0,ID0126
126,1.0,0.0,male,1.0,0.0,53.1,S,,,803,MA,adulte,52.69,ID0127
127,1.0,1.0,female,1.0,0.0,53.1,S,D,,803,MA,jeune adulte,57.72,ID0128
128,1.0,0.0,male,0.0,0.0,38.5,S,,275.0,320,Lancashire,adulte,41.46,ID0129
129,1.0,1.0,female,0.0,0.0,211.5,C,4,,503,,jeune adulte,220.04,ID0130
130,1.0,1.0,female,0.0,1.0,59.4,C,7,,378,NY,jeune adulte,59.28,ID0131
131,1.0,1.0,female,0.0,1.0,59.4,C,7,,378,NY,adulte,55.02,ID0132
132,1.0,0.0,male,0.0,0.0,79.2,C,,,593,,jeune adulte,77.57,ID0133
133,1.0,1.0,male,1.0,0.0,89.1042,C,5,,453,NY,adulte,92.75,ID0134
134,1.0,1.0,female,1.0,0.0,89.1042,C,5,,453,NY,,85.27,ID0135
135,1.0,0.0,male,0.0,0.0,34.6542,C,,,754,NY,senior,31.91,ID0136
136,1.0,1.0,male,0.0,0.0,28.5,C,B,,780,DC,adulte,30.83,ID0137
137,1.0,1.0,female,0.0,0.0,30.0,S,3,,053,CT,jeune adulte,31.25,ID0138
138,1.0,0.0,male,0.0,1.0,153.4625,S,,147.0,582,MB,adulte,157.0,ID0139
139,1.0,1.0,female,0.0,1.0,153.4625,S,3,,582,CT,adulte,162.44,ID0140
140,1.0,1.0,male,0.0,1.0,63.3583,C,7,,759,NY,jeune adulte,67.61,ID0141
141,1.0,1.0,female,0.0,1.0,63.3583,C,7,,759,NY,adulte,63.15,ID0142
142,1.0,0.0,male,0.0,0.0,79.2,C,,,593,NY,adulte,85.24,ID0143
143,1.0,1.0,male,1.0,0.0,55.4417,C,5,,765,NY,jeune adulte,60.06,ID0144
144,1.0,1.0,female,1.0,0.0,55.4417,C,5,,765,NY,jeune adulte,52.91,ID0145
145,1.0,1.0,male,1.0,0.0,76.7292,C,3,,572,NY,adulte,78.38,ID0146
146,1.0,1.0,female,1.0,0.0,76.7292,C,3,,572,NY,adulte,77.14,ID0147
147,1.0,0.0,male,0.0,0.0,42.4,S,,,796,,,42.72,ID0148
148,1.0,0.0,male,1.0,0.0,83.475,S,,,973,NY,adulte,90.78,ID0149
149,1.0,1.0,female,1.0,0.0,83.475,S,D,,973,NY,jeune adulte,80.22,ID0150
150,1.0,0.0,male,0.0,0.0,0.0,S,,110.0,059,,adulte,0.0,ID0151
151,1.0,1.0,male,0.0,0.0,76.7292,C,3,,572,,jeune adulte,82.9,ID0152
152,1.0,1.0,male,0.0,0.0,30.0,S,3,,988,Surrey,,29.75,ID0153
153,1.0,1.0,female,0.0,0.0,83.1583,C,7,,767,NY,jeune adulte,88.44,ID0154
154,1.0,0.0,male,1.0,1.0,93.5,S,,307.0,749,PQ,adulte,98.53,ID0155
155,1.0,1.0,female,1.0,1.0,93.5,S,3,,749,PQ,adulte,96.83,ID0156
156,1.0,0.0,male,0.0,0.0,42.5,S,,,038,London / Middlesex,adulte,40.97,ID0157
157,1.0,0.0,male,0.0,0.0,51.8625,S,,,463,MA,,48.71,ID0158
158,1.0,0.0,male,0.0,0.0,50.0,S,,,680,London / Birmingham,adulte,51.72,ID0159
159,1.0,1.0,female,0.0,1.0,57.9792,C,4,,361,IL,ado,61.96,ID0160
160,1.0,1.0,female,0.0,1.0,57.9792,C,4,,361,IL,adulte,52.37,ID0161
161,1.0,1.0,female,1.0,0.0,77.9583,S,10,,502,NY,adulte,80.18,ID0162
162,1.0,0.0,male,1.0,0.0,52.0,S,,38.0,789,NY,adulte,51.41,ID0163
163,1.0,1.0,female,1.0,0.0,52.0,S,8,,789,NY,jeune adulte,56.14,ID0164
164,1.0,1.0,male,0.0,0.0,26.55,C,15,,426,IN,jeune adulte,25.6,ID0165
165,1.0,1.0,male,1.0,0.0,90.0,S,D,,943,NY /  Stamford CT,adulte,89.54,ID0166
166,1.0,0.0,male,0.0,0.0,30.6958,C,14,,600,NY,,30.79,ID0167
167,1.0,1.0,female,1.0,0.0,90.0,S,D,,943,NY /  Stamford CT,jeune adulte,83.53,ID0168
168,1.0,1.0,female,0.0,0.0,80.0,,6,,572,,adulte,83.41,ID0169
169,1.0,0.0,female,0.0,0.0,28.7125,C,,,595,NY,adulte,30.61,ID0170
170,1.0,1.0,male,0.0,0.0,0.0,S,C,,058,Liverpool,adulte,0.0,ID0171
171,1.0,0.0,male,0.0,0.0,26.0,S,,80.0,694,VT,adulte,24.92,ID0172
172,1.0,0.0,male,0.0,0.0,26.0,S,,,044,London,adulte,23.6,ID0173
173,1.0,0.0,male,0.0,0.0,211.5,C,,45.0,503,,jeune adulte,230.81,ID0174
174,1.0,0.0,male,0.0,0.0,29.7,C,,258.0,771,NY,adulte,30.69,ID0175
175,1.0,0.0,male,1.0,0.0,51.8625,S,,,464,CT,adulte,56.68,ID0176
176,1.0,1.0,female,1.0,0.0,51.8625,S,8,,464,CT,,52.19,ID0177
177,1.0,1.0,male,1.0,0.0,52.5542,S,5,,753,MA,adulte,55.73,ID0178
178,1.0,1.0,female,1.0,0.0,52.5542,S,5,,753,MA,adulte,51.23,ID0179
179,1.0,0.0,male,0.0,0.0,26.55,S,,,028,OR,,25.77,ID0180
180,1.0,1.0,female,0.0,0.0,211.3375,S,2,,160,,adulte,206.19,ID0181
181,1.0,1.0,female,0.0,0.0,25.9292,S,8,,465,NY,adulte,26.75,ID0182
182,1.0,1.0,female,0.0,0.0,106.425,C,2,,761,,jeune adulte,103.43,ID0183
183,1.0,1.0,male,0.0,0.0,512.3292,C,3,,755,,jeune adulte,553.35,ID0184
184,1.0,0.0,male,0.0,0.0,27.7208,C,,,612,IL,,30.4,ID0185
185,1.0,0.0,male,0.0,0.0,26.55,S,,,475,Sweden,adulte,24.06,ID0186
186,1.0,1.0,female,0.0,0.0,27.7208,C,6,,377,Sweden,adulte,26.02,ID0187
187,1.0,1.0,female,0.0,1.0,39.4,S,9,,592,France,ado,36.34,ID0188
188,1.0,1.0,female,0.0,1.0,39.4,S,9,,592,France,adulte,35.79,ID0189
189,1.0,0.0,male,0.0,0.0,30.0,S,,126.0,501,MA,jeune adulte,28.37,ID0190
190,1.0,1.0,female,0.0,0.0,77.9583,S,10,,502,NY,jeune adulte,77.13,ID0191
191,1.0,0.0,male,0.0,0.0,45.5,S,,,801,NY,jeune adulte,48.57,ID0192
192,1.0,1.0,female,0.0,0.0,146.5208,C,,,569,,adulte,138.37,ID0193
193,1.0,1.0,female,0.0,1.0,211.3375,S,2,,160,MO,ado,211.08,ID0194
194,1.0,0.0,male,0.0,0.0,26.0,S,,,469,MA,jeune adulte,28.23,ID0195
195,1.0,1.0,female,0.0,0.0,86.5,S,8,,152,,ado,89.39,ID0196
196,1.0,1.0,male,0.0,0.0,29.7,C,7,,774,France,,31.47,ID0197
197,1.0,0.0,male,1.0,0.0,53.1,S,,,773,NY,jeune adulte,53.64,ID0198
198,1.0,1.0,female,1.0,0.0,53.1,S,10,,773,NY,ado,58.2,ID0199
199,1.0,1.0,female,0.0,0.0,49.5042,C,6,,482,PQ,jeune adulte,50.38,ID0200
200,1.0,0.0,male,0.0,0.0,75.2417,C,,292.0,050,BC,adulte,68.4,ID0201
201,1.0,0.0,male,0.0,0.0,51.8625,S,,175.0,463,MA,adulte,48.73,ID0202
202,1.0,1.0,male,0.0,0.0,26.2875,S,7,,473,PA,adulte,25.79,ID0203
203,1.0,0.0,male,1.0,0.0,82.1708,C,,,604,NY,jeune adulte,83.84,ID0204
204,1.0,1.0,female,1.0,0.0,82.1708,C,6,,604,NY,,86.64,ID0205
205,1.0,0.0,male,0.0,0.0,26.55,S,,249.0,509,MA,senior,26.09,ID0206
206,1.0,0.0,male,2.0,0.0,90.0,Q,,230.0,928,WI,adulte,93.78,ID0207
207,1.0,1.0,female,1.0,0.0,90.0,Q,14,,928,WI,jeune adulte,95.22,ID0208
208,1.0,1.0,female,1.0,0.0,90.0,Q,14,,928,WI,adulte,86.71,ID0209
209,1.0,1.0,male,1.0,0.0,57.75,C,11,,236,NY,jeune adulte,63.29,ID0210
210,1.0,0.0,male,0.0,0.0,30.5,S,,,787,PQ,adulte,31.41,ID0211
211,1.0,0.0,male,0.0,0.0,42.4,S,,,796,DC,adulte,45.63,ID0212
212,1.0,0.0,male,0.0,1.0,29.7,C,,,596,NY,adulte,30.03,ID0213
213,1.0,1.0,female,1.0,0.0,113.275,C,6,,273,MA,jeune adulte,118.75,ID0214
214,1.0,1.0,female,1.0,0.0,113.275,C,6,,273,MA,jeune adulte,119.4,ID0215
215,1.0,0.0,male,0.0,2.0,113.275,C,,122.0,273,MA,adulte,122.52,ID0216
216,1.0,1.0,female,0.0,2.0,26.2833,S,5,,752,NY,jeune adulte,24.45,ID0217
217,1.0,0.0,male,0.0,0.0,26.0,S,,263.0,693,England,senior,26.3,ID0218
218,1.0,1.0,female,0.0,0.0,108.9,C,8,,758,,adulte,107.34,ID0219
219,1.0,1.0,male,0.0,0.0,25.7417,C,7,,998,France,,27.92,ID0220
220,1.0,1.0,female,0.0,1.0,61.9792,C,5,,509,RI,jeune adulte,57.08,ID0221
221,1.0,0.0,male,0.0,1.0,61.9792,C,,234.0,509,RI,senior,67.96,ID0222
222,1.0,0.0,male,0.0,0.0,27.7208,C,,189.0,562,Cuba,jeune adulte,29.8,ID0223
223,1.0,0.0,male,0.0,0.0,0.0,S,,,052,Belfast,,0.0,ID0224
224,1.0,0.0,male,0.0,0.0,28.5,S,,166.0,043,Surrey,adulte,28.45,ID0225
225,1.0,0.0,male,0.0,0.0,93.5,S,,,749,PQ,jeune adulte,97.57,ID0226
226,1.0,0.0,male,1.0,0.0,66.6,S,,,776,England,jeune adulte,69.77,ID0227
227,1.0,1.0,female,1.0,0.0,66.6,S,8,,776,England,jeune adulte,72.01,ID0228
228,1.0,0.0,male,1.0,0.0,108.9,C,,,758,Spain,ado,115.43,ID0229
229,1.0,1.0,female,1.0,0.0,108.9,C,8,,758,Spain,ado,104.78,ID0230
230,1.0,1.0,female,0.0,0.0,93.5,S,3,,749,,jeune adulte,93.47,ID0231
231,1.0,1.0,male,0.0,0.0,30.5,S,6,,786,ON,adulte,31.73,ID0232
232,1.0,0.0,male,0.0,0.0,52.0,S,,207.0,465,MA,adulte,48.24,ID0233
233,1.0,1.0,female,0.0,1.0,83.1583,C,7,,767,PA,adulte,78.07,ID0234
234,1.0,0.0,male,0.0,0.0,0.0,S,,,972,Netherlands,adulte,0.0,ID0235
235,1.0,1.0,male,0.0,0.0,39.6,S,A,,607,NY,,38.0,ID0236
236,1.0,0.0,male,0.0,0.0,135.6333,C,,232.0,760,,jeune adulte,145.47,ID0237
237,1.0,0.0,male,0.0,0.0,227.525,C,,,757,,,231.45,ID0238
238,1.0,1.0,female,0.0,1.0,211.3375,S,2,,160,MO,adulte,204.94,ID0239
239,1.0,0.0,male,0.0,0.0,50.4958,S,,,590,NJ,jeune adulte,54.02,ID0240
240,1.0,1.0,male,0.0,0.0,26.55,S,9,,428,NY,adulte,28.17,ID0241
241,1.0,0.0,male,0.0,0.0,50.0,S,,,767,WA,,54.98,ID0242
242,1.0,1.0,female,0.0,0.0,27.7208,C,11,,613,France,jeune adulte,29.65,ID0243
243,1.0,0.0,male,0.0,0.0,79.2,C,,16.0,585,NY,adulte,77.84,ID0244
244,1.0,0.0,male,0.0,0.0,40.125,C,,,049,MB,adulte,37.14,ID0245
245,1.0,1.0,female,0.0,0.0,86.5,S,8,,152,BC,jeune adulte,92.39,ID0246
246,1.0,0.0,male,1.0,0.0,59.4,C,,,603,NY,adulte,54.17,ID0247
247,1.0,1.0,female,1.0,0.0,59.4,C,6,,603,NY,adulte,57.62,ID0248
248,1.0,0.0,male,0.0,0.0,26.55,S,,109.0,790,London,jeune adulte,28.78,ID0249
249,1.0,1.0,male,2.0,2.0,262.375,C,4,,608,NY,ado,286.55,ID0250
250,1.0,1.0,female,2.0,2.0,262.375,C,4,,608,NY,ado,269.75,ID0251
251,1.0,1.0,female,2.0,2.0,262.375,C,4,,608,NY,jeune adulte,272.27,ID0252
252,1.0,0.0,male,1.0,3.0,262.375,C,,,608,NY,senior,238.37,ID0253
253,1.0,1.0,female,1.0,3.0,262.375,C,4,,608,NY,adulte,263.13,ID0254
254,1.0,1.0,male,0.0,0.0,30.5,S,3,,988,England,,30.79,ID0255
255,1.0,1.0,female,0.0,0.0,69.3,C,9,,477,,jeune adulte,67.08,ID0256
256,1.0,1.0,male,0.0,0.0,26.0,S,1,,163,NY,,23.76,ID0257
257,1.0,1.0,female,1.0,0.0,57.75,C,11,,236,NY,jeune adulte,54.62,ID0258
258,1.0,1.0,female,0.0,0.0,31.0,C,4,,798,,jeune adulte,30.12,ID0259
259,1.0,1.0,male,0.0,0.0,26.55,S,7,,794,NY,jeune adulte,26.21,ID0260
260,1.0,1.0,female,0.0,0.0,153.4625,S,3,,582,NY / Greenwich CT,adulte,156.25,ID0261
261,1.0,1.0,male,0.0,0.0,26.2875,S,5,,475,MO,jeune adulte,27.46,ID0262
262,1.0,0.0,male,1.0,0.0,55.9,S,,,507,MN,adulte,53.86,ID0263
263,1.0,1.0,female,1.0,0.0,55.9,S,11,,507,MN,adulte,53.99,ID0264
264,1.0,1.0,male,0.0,0.0,35.5,C,3,,213,Switzerland,adulte,32.09,ID0265
265,1.0,1.0,male,0.0,0.0,35.5,S,7,,788,CT,jeune adulte,32.24,ID0266
266,1.0,0.0,male,0.0,0.0,26.55,S,,,792,NY,adulte,25.26,ID0267
267,1.0,0.0,male,0.0,0.0,30.6958,C,,,764,NY,adulte,32.17,ID0268
268,1.0,0.0,male,1.0,0.0,60.0,S,,,695,WV,jeune adulte,61.54,ID0269
269,1.0,0.0,male,0.0,0.0,26.0,S,,,056,Surrey,,27.4,ID0270
270,1.0,1.0,female,1.0,0.0,60.0,S,6,,695,WV,ado,63.23,ID0271
271,1.0,1.0,male,1.0,0.0,82.2667,S,7,,228,MN,jeune adulte,88.13,ID0272
272,1.0,1.0,female,1.0,0.0,82.2667,S,7,,228,MN,jeune adulte,85.89,ID0273
273,1.0,1.0,male,0.0,2.0,134.5,C,3,,966,NY,enfant,147.39,ID0274
274,1.0,1.0,male,1.0,1.0,134.5,C,3,,966,NY,adulte,145.23,ID0275
275,1.0,1.0,female,1.0,1.0,134.5,C,3,,966,NY,adulte,136.83,ID0276
276,1.0,0.0,male,1.0,0.0,146.5208,C,,,569,France,adulte,149.1,ID0277
277,1.0,1.0,female,1.0,0.0,146.5208,C,6,,569,France,,132.87,ID0278
278,1.0,1.0,male,0.0,0.0,30.5,C,3,,214,Switzerland,jeune adulte,33.54,ID0279
279,1.0,0.0,male,0.0,0.0,26.55,S,,,514,Hants,senior,24.59,ID0280
280,1.0,1.0,male,1.0,0.0,55.4417,C,1,,778,NJ,adulte,58.11,ID0281
281,1.0,1.0,female,1.0,0.0,55.4417,C,5,,778,NJ,adulte,59.0,ID0282
282,1.0,1.0,female,1.0,0.0,78.2667,C,4,,947,PA,adulte,76.28,ID0283
283,1.0,0.0,male,0.0,0.0,27.7208,C,,,605,Ohio / ? Paris / New York,,26.04,ID0284
284,1.0,1.0,female,0.0,0.0,80.0,,6,,572,OH,senior,73.58,ID0285
285,1.0,0.0,male,1.0,0.0,221.7792,S,,96.0,483,NY,senior,232.81,ID0286
286,1.0,0.0,female,1.0,0.0,221.7792,S,,,483,NY,senior,219.68,ID0287
287,1.0,0.0,male,0.0,0.0,32.3208,S,,46.0,963,NJ,senior,33.7,ID0288
288,1.0,1.0,female,0.0,0.0,25.9292,S,8,,466,NY,adulte,28.08,ID0289
289,1.0,1.0,female,0.0,2.0,79.65,S,8,,413,NY,ado,74.02,ID0290
290,1.0,0.0,male,1.0,1.0,79.65,S,,,413,NY,adulte,86.33,ID0291
291,1.0,1.0,female,1.0,1.0,79.65,S,8,,413,NY,adulte,78.24,ID0292
292,1.0,1.0,male,1.0,0.0,52.0,S,5 7,,996,NJ,adulte,49.97,ID0293
293,1.0,1.0,female,1.0,0.0,52.0,S,5 7,,996,NJ,,56.61,ID0294
294,1.0,0.0,male,1.0,1.0,110.8833,C,,,421,PA,adulte,121.76,ID0295
295,1.0,1.0,male,0.0,2.0,110.8833,C,B,,421,PA,ado,104.21,ID0296
296,1.0,1.0,female,1.0,1.0,110.8833,C,4,,421,PA,adulte,114.36,ID0297
297,1.0,1.0,female,0.0,0.0,79.2,C,D,,585,NY,,72.97,ID0298
298,1.0,1.0,male,0.0,0.0,28.5375,C,7,,543,NY,jeune adulte,29.4,ID0299
299,1.0,0.0,male,0.0,0.0,27.7208,C,,,601,Mexico,adulte,29.54,ID0300
300,1.0,0.0,male,0.0,0.0,33.5,S,,245.0,240,NY,senior,34.74,ID0301
301,1.0,0.0,male,0.0,0.0,34.0208,S,,,967,NJ,adulte,33.46,ID0302
302,1.0,1.0,female,0.0,0.0,512.3292,C,3,,755,,jeune adulte,500.35,ID0303
303,1.0,0.0,male,1.0,0.0,75.25,C,,,813,OR,senior,73.64,ID0304
304,1.0,1.0,female,1.0,0.0,75.25,C,5,,813,OR,adulte,76.6,ID0305
305,1.0,0.0,male,0.0,0.0,26.55,S,,,800,Utah,adulte,28.58,ID0306
306,1.0,0.0,male,0.0,1.0,77.2875,S,,,281,ME,adulte,83.92,ID0307
307,1.0,0.0,male,0.0,1.0,77.2875,S,,169.0,281,ME,jeune adulte,70.39,ID0308
308,1.0,1.0,female,0.0,0.0,135.6333,C,8,,760,NY / Briarcliff Manor NY,adulte,127.0,ID0309
309,1.0,1.0,female,0.0,2.0,164.8667,S,8,,928,OH,jeune adulte,152.08,ID0310
310,1.0,0.0,male,1.0,1.0,164.8667,S,,,928,OH,adulte,154.75,ID0311
311,1.0,1.0,female,1.0,1.0,164.8667,S,8,,928,OH,adulte,159.81,ID0312
312,1.0,0.0,male,1.0,1.0,211.5,C,,,503,PA,adulte,211.78,ID0313
313,1.0,0.0,male,0.0,2.0,211.5,C,,,503,PA,jeune adulte,216.98,ID0314
314,1.0,1.0,female,1.0,1.0,211.5,C,4,,503,PA,adulte,221.32,ID0315
315,1.0,1.0,female,0.0,0.0,26.55,S,8 10,,795,MN,jeune adulte,28.62,ID0316
316,1.0,0.0,male,0.0,1.0,61.3792,C,,,597,PA,adulte,67.38,ID0317
317,1.0,1.0,male,0.0,1.0,61.3792,C,A,,597,PA,jeune adulte,63.38,ID0318
318,1.0,0.0,male,0.0,0.0,35.0,S,,,510,England,,37.42,ID0319
319,1.0,1.0,female,0.0,0.0,134.5,C,3,,966,,jeune adulte,141.98,ID0320
320,1.0,1.0,male,0.0,0.0,35.5,S,D,,947,England,,34.13,ID0321
321,1.0,0.0,male,0.0,0.0,26.55,S,,,807,NS,senior,28.54,ID0322
322,1.0,1.0,female,0.0,0.0,135.6333,C,8,,760,DC,adulte,123.23,ID0323
323,2.0,0.0,male,1.0,0.0,24.0,C,,,381,NY,jeune adulte,21.6,ID0324
324,2.0,1.0,female,1.0,0.0,24.0,C,10,,381,NY,jeune adulte,22.91,ID0325
325,2.0,0.0,male,0.0,0.0,13.0,S,,,744,USA,jeune adulte,12.9,ID0326
326,2.0,0.0,male,0.0,0.0,11.5,S,,,945,NJ,ado,11.82,ID0327
327,2.0,0.0,male,0.0,0.0,10.5,S,,,050,MI,jeune adulte,9.66,ID0328
328,2.0,0.0,male,1.0,0.0,26.0,S,,,875,England,jeune adulte,26.9,ID0329
329,2.0,1.0,female,1.0,0.0,26.0,S,11,,875,England,adulte,27.57,ID0330
330,2.0,0.0,male,0.0,0.0,13.0,S,,,346,NJ,adulte,12.18,ID0331
331,2.0,0.0,male,0.0,0.0,11.5,S,,,108,OH,ado,11.3,ID0332
332,2.0,0.0,male,0.0,0.0,10.5,S,,,030,Guernsey,jeune adulte,10.54,ID0333
333,2.0,1.0,female,0.0,0.0,13.0,S,10,,551,FL,adulte,12.87,ID0334
334,2.0,0.0,male,0.0,0.0,10.5,S,,,068,MI,jeune adulte,11.13,ID0335
335,2.0,0.0,male,0.0,0.0,12.525,S,,174.0,166,FL,adulte,13.68,ID0336
336,2.0,1.0,male,1.0,0.0,26.0,S,13,,908,NY,jeune adulte,27.55,ID0337
337,2.0,1.0,female,1.0,0.0,26.0,S,13,,908,NY,jeune adulte,23.81,ID0338
338,2.0,0.0,male,0.0,0.0,26.0,S,,,358,England,jeune adulte,27.59,ID0339
339,2.0,1.0,male,2.0,1.0,39.0,S,11,,136,MI,enfant,35.62,ID0340
340,2.0,1.0,female,2.0,1.0,39.0,S,11,,136,MI,enfant,36.94,ID0341
341,2.0,1.0,female,2.0,1.0,39.0,S,13,,136,MI,enfant,36.29,ID0342
342,2.0,1.0,female,0.0,3.0,39.0,S,11,,136,MI,adulte,36.64,ID0343
343,2.0,1.0,male,0.0,0.0,13.0,S,13,,698,London,jeune adulte,13.07,ID0344
344,2.0,1.0,female,0.0,0.0,13.0,S,12,,404,NY,jeune adulte,13.45,ID0345
345,2.0,0.0,male,0.0,0.0,13.0,S,,,425,MI,jeune adulte,12.92,ID0346
346,2.0,0.0,male,0.0,0.0,13.0,S,,,670,NJ,jeune adulte,14.2,ID0347
347,2.0,0.0,male,0.0,0.0,13.0,S,,,535,London,adulte,12.32,ID0348
348,2.0,0.0,male,0.0,0.0,13.0,S,,,367,NM,jeune adulte,13.68,ID0349
349,2.0,1.0,female,0.0,0.0,13.0,S,11,,733,PQ,jeune adulte,13.96,ID0350
350,2.0,1.0,female,0.0,2.0,39.0,S,14,,750,WA,ado,39.48,ID0351
351,2.0,0.0,male,1.0,1.0,39.0,S,,,750,WA,adulte,38.66,ID0352
352,2.0,1.0,female,1.0,1.0,39.0,S,14,,750,WA,adulte,39.75,ID0353
353,2.0,1.0,female,1.0,0.0,26.0,S,12,,853,IL,jeune adulte,25.63,ID0354
354,2.0,0.0,male,1.0,0.0,26.0,S,,,853,IL,jeune adulte,26.29,ID0355
355,2.0,1.0,female,0.0,0.0,13.0,S,9,,849,CA,adulte,12.78,ID0356
356,2.0,0.0,male,0.0,0.0,13.0,S,,97.0,686,Hants,jeune adulte,12.74,ID0357
357,2.0,0.0,male,0.0,0.0,13.0,S,,,310,London,adulte,13.51,ID0358
358,2.0,1.0,female,0.0,0.0,13.0,S,,,852,NY,adulte,11.94,ID0359
359,2.0,1.0,male,0.0,2.0,29.0,S,13,,738,IL,enfant,27.07,ID0360
360,2.0,1.0,male,1.0,1.0,29.0,S,13,,738,IL,jeune adulte,31.04,ID0361
361,2.0,1.0,female,1.0,1.0,29.0,S,13,,738,IL,jeune adulte,30.57,ID0362
362,2.0,1.0,female,0.0,0.0,21.0,S,14,,528,NY,jeune adulte,20.08,ID0363
363,2.0,0.0,male,0.0,0.0,0.0,S,,,853,Belfast,,0.0,ID0364
364,2.0,0.0,male,0.0,0.0,13.0,S,,18.0,424,MI,jeune adulte,14.11,ID0365
365,2.0,0.0,female,1.0,0.0,26.0,S,,,252,London,adulte,27.65,ID0366
366,2.0,0.0,male,1.0,0.0,26.0,S,,,252,London,adulte,26.59,ID0367
367,2.0,0.0,male,0.0,0.0,13.5,S,,130.0,731,NY,adulte,12.75,ID0368
368,2.0,0.0,male,1.0,0.0,26.0,S,,17.0,037,WA,adulte,23.63,ID0369
369,2.0,0.0,female,1.0,0.0,26.0,S,,,037,WA,jeune adulte,25.64,ID0370
370,2.0,1.0,female,1.0,1.0,30.0,S,12,,789,London,jeune adulte,31.04,ID0371
371,2.0,1.0,female,0.0,2.0,30.0,S,12,,789,London,adulte,31.97,ID0372
372,2.0,0.0,male,1.0,0.0,26.0,S,,,003,CA,jeune adulte,27.83,ID0373
373,2.0,1.0,female,1.0,0.0,26.0,S,14,,003,CA,jeune adulte,23.57,ID0374
374,2.0,0.0,male,0.0,0.0,10.5,S,,,263,Huntingdonshire,jeune adulte,9.96,ID0375
375,2.0,0.0,male,0.0,0.0,13.0,S,,,740,Ohio,jeune adulte,12.58,ID0376
376,2.0,1.0,male,0.0,0.0,10.5,S,9,,034,NY,jeune adulte,9.85,ID0377
377,2.0,1.0,female,0.0,2.0,26.25,S,14,,921,ID,enfant,27.84,ID0378
378,2.0,0.0,male,1.0,1.0,26.25,S,,,921,ID,jeune adulte,27.65,ID0379
379,2.0,1.0,female,1.0,1.0,26.25,S,14,,921,ID,jeune adulte,26.34,ID0380
380,2.0,1.0,female,0.0,0.0,10.5,S,14,,266,Pennsylvania,jeune adulte,11.51,ID0381
381,2.0,0.0,female,0.0,0.0,13.0,S,,,249,UT,jeune adulte,12.07,ID0382
382,2.0,0.0,female,0.0,0.0,21.0,S,,,534,PA,,22.68,ID0383
383,2.0,0.0,male,0.0,0.0,11.5,S,,,107,OH,jeune adulte,10.62,ID0384
384,2.0,0.0,male,0.0,0.0,0.0,S,,,853,Belfast,,0.0,ID0385
385,2.0,1.0,male,1.0,1.0,36.75,S,14,,112,MI,enfant,38.19,ID0386
386,2.0,0.0,male,0.0,0.0,73.5,S,,,879,England,ado,67.76,ID0387
387,2.0,1.0,female,0.0,2.0,36.75,S,14,,112,MI,adulte,37.23,ID0388
388,2.0,1.0,female,0.0,0.0,13.0,S,13,,668,NY,jeune adulte,12.79,ID0389
389,2.0,0.0,male,0.0,0.0,13.0,S,,,360,Brazil,jeune adulte,13.59,ID0390
390,2.0,0.0,male,0.0,0.0,73.5,S,,,879,,ado,79.39,ID0391
391,2.0,0.0,male,1.0,0.0,27.7208,C,,295.0,167,Italy / California,jeune adulte,29.22,ID0392
392,2.0,1.0,female,1.0,0.0,27.7208,C,12,,167,Italy / California,jeune adulte,29.66,ID0393
393,2.0,0.0,male,0.0,0.0,31.5,S,,,029,NJ,jeune adulte,28.56,ID0394
394,2.0,0.0,male,0.0,0.0,73.5,S,,,879,England,ado,70.71,ID0395
395,2.0,1.0,female,0.0,1.0,23.0,S,,,919,Southampton,ado,23.07,ID0396
396,2.0,1.0,female,0.0,1.0,23.0,S,,,919,Southampton,jeune adulte,22.61,ID0397
397,2.0,0.0,male,0.0,0.0,26.0,S,,,403,NY,adulte,24.6,ID0398
398,2.0,1.0,male,0.0,2.0,32.5,S,10,,220,NY,enfant,31.25,ID0399
399,2.0,0.0,male,1.0,1.0,32.5,S,,,220,NY,adulte,35.4,ID0400
400,2.0,1.0,female,1.0,1.0,32.5,S,10,,220,NY,jeune adulte,31.16,ID0401
401,2.0,1.0,female,1.0,0.0,13.8583,C,12,,149,Cuba,jeune adulte,13.45,ID0402
402,2.0,1.0,female,1.0,0.0,13.8583,C,12,,148,Cuba,jeune adulte,12.48,ID0403
403,2.0,0.0,male,0.0,0.0,13.0,S,,,751,MI,jeune adulte,13.9,ID0404
404,2.0,0.0,male,0.0,0.0,13.0,S,,,854,IL,jeune adulte,12.1,ID0405
405,2.0,0.0,male,0.0,0.0,13.0,S,,,171,NJ,ado,12.23,ID0406
406,2.0,0.0,male,1.0,0.0,26.0,S,,286.0,926,PA,adulte,24.73,ID0407
407,2.0,1.0,female,1.0,0.0,26.0,S,16,,926,,jeune adulte,28.0,ID0408
408,2.0,0.0,male,0.0,0.0,10.5,S,,,185,MI,ado,9.88,ID0409
409,2.0,0.0,male,0.0,0.0,13.0,S,,236.0,236,NY,adulte,13.77,ID0410
410,2.0,0.0,male,0.0,0.0,0.0,S,,,854,Belfast,,0.0,ID0411
411,2.0,0.0,female,0.0,0.0,13.0,S,,,671,India / Pennsylvania,adulte,14.11,ID0412
412,2.0,0.0,male,0.0,0.0,26.0,S,,322.0,865,PQ,jeune adulte,24.0,ID0413
413,2.0,0.0,male,1.0,0.0,21.0,S,,,664,CO,adulte,19.81,ID0414
414,2.0,0.0,male,1.0,0.0,21.0,S,,,664,CO,jeune adulte,22.02,ID0415
415,2.0,1.0,female,0.0,0.0,13.0,S,12,,880,NY,jeune adulte,12.21,ID0416
416,2.0,0.0,male,0.0,0.0,26.0,S,,,865,PQ,ado,24.89,ID0417
417,2.0,0.0,male,0.0,0.0,10.5,S,,,028,NJ,jeune adulte,9.8,ID0418
418,2.0,0.0,male,0.0,0.0,10.5,S,,,769,Cornwall,adulte,9.81,ID0419
419,2.0,0.0,male,1.0,0.0,11.5,S,,,133,NJ,jeune adulte,11.46,ID0420
420,2.0,0.0,male,1.0,0.0,11.5,S,,,134,NJ,jeune adulte,10.6,ID0421
421,2.0,0.0,male,0.0,0.0,13.5,S,,297.0,726,London,jeune adulte,13.02,ID0422
422,2.0,0.0,male,0.0,0.0,13.0,S,,155.0,866,England,jeune adulte,12.81,ID0423
423,2.0,0.0,male,0.0,0.0,13.0,S,,,233,BC,jeune adulte,11.76,ID0424
424,2.0,0.0,male,0.0,0.0,13.0,S,,305.0,646,,jeune adulte,12.71,ID0425
425,2.0,0.0,male,0.0,0.0,13.0,S,,19.0,647,NY,adulte,11.94,ID0426
426,2.0,0.0,male,0.0,0.0,13.0,S,,75.0,653,NY,jeune adulte,12.98,ID0427
427,2.0,1.0,male,1.0,1.0,14.5,S,4,,649,MI,enfant,15.44,ID0428
428,2.0,1.0,female,0.0,2.0,14.5,S,4,,649,MI,jeune adulte,15.42,ID0429
429,2.0,0.0,male,0.0,0.0,13.0,S,,35.0,746,OH,adulte,11.91,ID0430
430,2.0,1.0,female,0.0,1.0,33.0,S,11,,727,Surrey / Chicago,enfant,33.67,ID0431
431,2.0,0.0,male,0.0,1.0,33.0,S,,,727,Surrey / Chicago,jeune adulte,35.21,ID0432
432,2.0,1.0,male,0.0,0.0,10.5,S,15,,752,London,senior,9.95,ID0433
433,2.0,0.0,male,0.0,0.0,10.5,S,,,208,England,jeune adulte,11.05,ID0434
434,2.0,1.0,female,0.0,2.0,26.25,S,14,,529,MB,enfant,28.3,ID0435
435,2.0,0.0,male,1.0,1.0,26.25,S,,,529,MB,adulte,27.86,ID0436
436,2.0,1.0,female,1.0,1.0,26.25,S,14,,529,MB,adulte,24.19,ID0437
437,2.0,1.0,female,1.0,2.0,65.0,S,9,,845,NJ,jeune adulte,58.62,ID0438
438,2.0,1.0,female,1.0,2.0,65.0,S,9,,845,NJ,jeune adulte,60.99,ID0439
439,2.0,0.0,male,1.0,2.0,65.0,S,,,845,NJ,adulte,62.02,ID0440
440,2.0,1.0,female,1.0,2.0,65.0,S,9,,845,NJ,adulte,66.51,ID0441
441,2.0,1.0,female,0.0,0.0,16.0,S,13,,706,SD,adulte,15.63,ID0442
442,2.0,0.0,male,2.0,0.0,73.5,S,,,879,MB,jeune adulte,76.49,ID0443
443,2.0,0.0,male,2.0,0.0,73.5,S,,256.0,879,MB,jeune adulte,71.34,ID0444
444,2.0,0.0,male,2.0,0.0,73.5,S,,,879,MB,jeune adulte,68.42,ID0445
445,2.0,0.0,female,1.0,1.0,13.0,S,,,650,MI,ado,12.51,ID0446
446,2.0,1.0,female,2.0,1.0,23.0,S,4,,105,OH,jeune adulte,24.77,ID0447
447,2.0,0.0,male,2.0,1.0,11.5,S,,,104,OH,jeune adulte,12.55,ID0448
448,2.0,0.0,male,0.0,0.0,13.0,S,,,963,England,adulte,12.24,ID0449
449,2.0,1.0,female,1.0,3.0,23.0,S,4,,105,OH,adulte,24.33,ID0450
450,2.0,0.0,male,0.0,0.0,13.0,S,,149.0,643,Southampton,adulte,12.41,ID0451
451,2.0,0.0,male,1.0,0.0,26.0,S,,,707,CA,adulte,28.01,ID0452
452,2.0,1.0,female,1.0,0.0,26.0,S,10,,707,CA,jeune adulte,24.26,ID0453
453,2.0,0.0,male,0.0,0.0,73.5,S,,,879,England,jeune adulte,75.94,ID0454
454,2.0,1.0,male,0.0,0.0,13.0,S,10,,798,Japan,adulte,11.92,ID0455
455,2.0,0.0,male,1.0,0.0,26.0,S,,,065,England,senior,28.46,ID0456
456,2.0,0.0,female,1.0,0.0,26.0,S,,,065,England,adulte,27.04,ID0457
457,2.0,0.0,male,0.0,0.0,12.275,S,,,585,PA,jeune adulte,13.11,ID0458
458,2.0,1.0,female,0.0,0.0,10.5,S,,,885,Guernsey,ado,10.64,ID0459
459,2.0,0.0,male,1.0,0.0,27.0,S,,,847,London,adulte,26.87,ID0460
460,2.0,1.0,female,2.0,1.0,27.0,S,12,,847,London,jeune adulte,27.66,ID0461
461,2.0,0.0,male,0.0,0.0,15.0,S,,,565,England,adulte,15.09,ID0462
462,2.0,0.0,male,2.0,0.0,31.5,S,,,029,NJ,jeune adulte,31.31,ID0463
463,2.0,0.0,male,2.0,0.0,31.5,S,,,029,NJ,jeune adulte,33.13,ID0464
464,2.0,0.0,male,0.0,0.0,10.5,S,,,111,MI,jeune adulte,9.82,ID0465
465,2.0,1.0,female,0.0,0.0,13.7917,C,11,,541,NY,jeune adulte,12.88,ID0466
466,2.0,0.0,male,1.0,0.0,26.0,S,,283.0,367,NY,jeune adulte,25.65,ID0467
467,2.0,1.0,female,1.0,0.0,26.0,S,12,,367,NY,jeune adulte,25.07,ID0468
468,2.0,0.0,female,0.0,0.0,21.0,S,,,534,PA,jeune adulte,19.21,ID0469
469,2.0,1.0,female,0.0,0.0,12.35,Q,10,,593,PA,,13.2,ID0470
470,2.0,0.0,male,0.0,0.0,12.35,Q,,,734,,jeune adulte,13.02,ID0471
471,2.0,1.0,female,0.0,0.0,13.5,S,9,,596,NY,adulte,13.62,ID0472
472,2.0,0.0,male,0.0,0.0,12.35,Q,,,533,ME,adulte,13.53,ID0473
473,2.0,0.0,male,0.0,0.0,0.0,S,,,855,Belfast,,0.0,ID0474
474,2.0,0.0,male,0.0,0.0,10.5,S,,165.0,723,NJ,jeune adulte,11.06,ID0475
475,2.0,0.0,female,1.0,1.0,26.0,S,,,651,MN,jeune adulte,24.79,ID0476
476,2.0,0.0,male,1.0,1.0,26.0,S,,,651,MN,jeune adulte,25.32,ID0477
477,2.0,0.0,male,0.0,0.0,10.7083,Q,,,261,,,10.11,ID0478
478,2.0,1.0,female,1.0,2.0,41.5792,C,14,,123,Paris / Haiti,enfant,43.98,ID0479
479,2.0,1.0,female,1.0,2.0,41.5792,C,14,,123,Paris / Haiti,enfant,38.62,ID0480
480,2.0,0.0,male,1.0,2.0,41.5792,C,,,123,Paris / Haiti,jeune adulte,44.41,ID0481
481,2.0,1.0,female,1.0,2.0,41.5792,C,14,,123,Paris / Haiti,jeune adulte,42.92,ID0482
482,2.0,1.0,female,0.0,0.0,12.0,C,12,,748,IA,ado,10.94,ID0483
483,2.0,1.0,female,0.0,0.0,33.0,S,11,,727,IL,,35.05,ID0484
484,2.0,1.0,female,0.0,0.0,10.5,S,14,,260,IL,jeune adulte,10.77,ID0485
485,2.0,0.0,male,0.0,0.0,12.875,C,,,163,PQ,adulte,13.92,ID0486
486,2.0,0.0,male,0.0,0.0,10.5,S,,108.0,566,,jeune adulte,11.02,ID0487
487,2.0,0.0,male,0.0,0.0,12.35,Q,,,509,,senior,12.5,ID0488
488,2.0,0.0,male,1.0,0.0,26.0,S,,121.0,085,Somerset,adulte,27.75,ID0489
489,2.0,1.0,female,1.0,0.0,26.0,S,,,085,Somerset,adulte,24.85,ID0490
490,2.0,0.0,female,0.0,0.0,10.5,S,,52.0,. 3,NY,adulte,10.6,ID0491
491,2.0,0.0,male,0.0,0.0,15.0458,C,,,735,Paris,,14.42,ID0492
492,2.0,1.0,male,0.0,2.0,37.0042,C,10,,079,PQ,enfant,40.47,ID0493
493,2.0,0.0,male,1.0,1.0,37.0042,C,,,079,PQ,jeune adulte,34.98,ID0494
494,2.0,1.0,female,1.0,1.0,37.0042,C,10,,079,PQ,jeune adulte,33.42,ID0495
495,2.0,0.0,male,0.0,0.0,15.5792,C,,,861,NY,,15.04,ID0496
496,2.0,0.0,male,0.0,0.0,13.0,S,,,228,Cornwall,jeune adulte,13.01,ID0497
497,2.0,0.0,male,0.0,0.0,16.0,S,,,059,SK,adulte,14.49,ID0498
498,2.0,0.0,male,0.0,0.0,13.5,S,,209.0,216,Australia,jeune adulte,13.66,ID0499
499,2.0,0.0,male,0.0,0.0,13.0,S,,,478,ON,jeune adulte,13.97,ID0500
500,2.0,0.0,male,0.0,0.0,26.0,S,,,403,NY,adulte,27.06,ID0501
501,2.0,1.0,female,0.0,1.0,19.5,S,14,,644,VT,ado,19.98,ID0502
502,2.0,1.0,female,0.0,1.0,19.5,S,14,,644,VT,adulte,21.28,ID0503
503,2.0,1.0,male,0.0,0.0,10.5,S,B,,751,London,jeune adulte,11.46,ID0504
504,2.0,0.0,male,0.0,0.0,13.0,S,,,723,Middlesex,adulte,13.84,ID0505
505,2.0,0.0,male,0.0,0.0,13.0,S,,271.0,360,Denmark,adulte,13.28,ID0506
506,2.0,0.0,male,0.0,0.0,10.5,S,,,580,Ohio,senior,10.47,ID0507
507,2.0,0.0,male,0.0,0.0,13.0,S,,,536,MA,jeune adulte,11.73,ID0508
508,2.0,0.0,male,0.0,0.0,14.0,S,,,011,KY,adulte,14.3,ID0509
509,2.0,0.0,male,0.0,0.0,26.0,S,,,655,,adulte,28.54,ID0510
510,2.0,0.0,male,0.0,0.0,10.5,S,,,. 3,England,ado,11.17,ID0511
511,2.0,0.0,male,0.0,0.0,9.6875,Q,,,276,MA,senior,9.38,ID0512
512,2.0,0.0,male,1.0,0.0,30.0708,C,,43.0,736,NY,jeune adulte,27.98,ID0513
513,2.0,1.0,female,1.0,0.0,30.0708,C,,,736,NY,ado,31.78,ID0514
514,2.0,1.0,male,1.0,1.0,26.0,S,D,,080,France,enfant,27.27,ID0515
515,2.0,1.0,male,1.0,1.0,26.0,S,D,,080,France,enfant,28.43,ID0516
516,2.0,0.0,male,0.0,2.0,26.0,S,,15.0,080,France,adulte,27.95,ID0517
517,2.0,0.0,male,0.0,0.0,13.0,S,,,368,MA,jeune adulte,13.14,ID0518
518,2.0,0.0,male,1.0,1.0,36.75,S,,101.0,112,MI,jeune adulte,33.82,ID0519
519,2.0,0.0,male,0.0,0.0,13.5,S,,287.0,629,Glasgow,jeune adulte,13.46,ID0520
520,2.0,1.0,male,0.0,0.0,13.8625,C,7,,166,Germany,jeune adulte,13.35,ID0521
521,2.0,1.0,female,0.0,0.0,10.5,S,11,,395,NY,jeune adulte,10.53,ID0522
522,2.0,0.0,male,0.0,0.0,13.0,S,,,213,OH,adulte,12.48,ID0523
523,2.0,1.0,male,0.0,0.0,10.5,S,13,,260,NJ,jeune adulte,11.26,ID0524
524,2.0,1.0,male,0.0,0.0,13.8625,C,9,,146,Cuba,,14.82,ID0525
525,2.0,0.0,male,0.0,0.0,10.5,S,,,278,ON,jeune adulte,10.11,ID0526
526,2.0,1.0,male,0.0,0.0,13.8583,C,9,,147,Cuba,jeune adulte,14.13,ID0527
527,2.0,0.0,male,0.0,0.0,10.5,S,,,888,Guernsey,jeune adulte,10.35,ID0528
528,2.0,0.0,male,0.0,0.0,0.0,S,,,853,Belfast,,0.0,ID0529
529,2.0,1.0,female,0.0,1.0,26.0,S,12,,433,KY,adulte,24.37,ID0530
530,2.0,0.0,male,0.0,0.0,10.5,S,,,665,MT,jeune adulte,10.92,ID0531
531,2.0,0.0,male,0.0,0.0,15.05,C,,,131,,,16.47,ID0532
532,2.0,0.0,male,0.0,0.0,13.0,S,,,393,,adulte,12.16,ID0533
533,2.0,1.0,female,0.0,1.0,21.0,S,12,,. 2,Devon,jeune adulte,19.75,ID0534
534,2.0,1.0,female,0.0,0.0,26.0,S,11,,655,England,jeune adulte,27.01,ID0535
535,2.0,0.0,male,0.0,1.0,21.0,S,,,. 2,Devon,adulte,22.17,ID0536
536,2.0,1.0,female,0.0,0.0,13.0,S,9,,604,Russia,jeune adulte,12.98,ID0537
537,2.0,0.0,male,0.0,0.0,13.0,S,,,647,NY,jeune adulte,13.29,ID0538
538,2.0,1.0,male,0.0,0.0,12.7375,C,14,,644,NH,jeune adulte,12.01,ID0539
539,2.0,0.0,male,0.0,0.0,15.0333,C,,,168,Paris,jeune adulte,14.96,ID0540
540,2.0,1.0,female,1.0,1.0,26.0,S,11,,360,MI,enfant,23.98,ID0541
541,2.0,1.0,female,1.0,1.0,26.0,S,11,,360,MI,enfant,25.07,ID0542
542,2.0,1.0,female,0.0,2.0,26.0,S,11,,360,MI,jeune adulte,24.88,ID0543
543,2.0,0.0,male,0.0,0.0,10.5,S,,,248,Sussex,adulte,10.38,ID0544
544,2.0,0.0,male,1.0,0.0,21.0,S,12,,027,NJ,jeune adulte,22.81,ID0545
545,2.0,1.0,female,3.0,0.0,21.0,S,,,027,NJ,jeune adulte,19.66,ID0546
546,2.0,1.0,female,0.0,0.0,13.0,S,9,,434,Spain,jeune adulte,12.74,ID0547
547,2.0,0.0,male,0.0,0.0,15.0458,C,,,133,PQ,jeune adulte,15.39,ID0548
548,2.0,1.0,male,1.0,1.0,18.75,S,4,,106,OH,enfant,20.42,ID0549
549,2.0,1.0,male,1.0,1.0,18.75,S,4,,106,OH,enfant,17.37,ID0550
550,2.0,1.0,female,2.0,3.0,18.75,S,4,,106,OH,jeune adulte,20.32,ID0551
551,2.0,1.0,female,0.0,0.0,10.5,S,13,,258,WI,adulte,9.62,ID0552
552,2.0,0.0,male,0.0,0.0,10.5,S,,,004,,jeune adulte,10.46,ID0553
553,2.0,1.0,female,0.0,0.0,10.5,S,12,,026,DE,jeune adulte,10.4,ID0554
554,2.0,0.0,male,0.0,0.0,13.0,S,,,659,NJ,jeune adulte,12.24,ID0555
555,2.0,0.0,male,0.0,0.0,13.0,S,,,361,Liverpool,jeune adulte,12.6,ID0556
556,2.0,0.0,male,0.0,0.0,26.0,S,,,358,England,jeune adulte,25.76,ID0557
557,2.0,1.0,female,0.0,1.0,26.0,S,12,,433,MT,jeune adulte,27.9,ID0558
558,2.0,1.0,female,0.0,2.0,13.0,S,16,,652,MN,ado,14.18,ID0559
559,2.0,1.0,female,0.0,0.0,36.75,S,11,,112,MI,jeune adulte,36.89,ID0560
560,2.0,1.0,female,0.0,0.0,13.0,S,10,,648,DC,jeune adulte,13.96,ID0561
561,2.0,0.0,male,0.0,0.0,13.5,S,,,442,ON,adulte,13.79,ID0562
562,2.0,1.0,female,0.0,0.0,12.35,Q,13,,818,NS,jeune adulte,11.98,ID0563
563,2.0,0.0,male,0.0,0.0,10.5,S,,,206,Cornwall,jeune adulte,9.86,ID0564
564,2.0,1.0,female,0.0,0.0,13.0,S,9,,418,,adulte,12.77,ID0565
565,2.0,0.0,male,0.0,0.0,13.0,S,,,178,MI,jeune adulte,13.06,ID0566
566,2.0,0.0,male,0.0,0.0,15.0458,C,,,734,NY,adulte,13.67,ID0567
567,2.0,0.0,male,0.0,0.0,10.5,S,,81.0,540,MI,jeune adulte,9.76,ID0568
568,2.0,0.0,male,0.0,0.0,13.0,S,,294.0,734,,jeune adulte,13.26,ID0569
569,2.0,0.0,male,0.0,0.0,65.0,S,,,845,NJ,ado,61.43,ID0570
570,2.0,1.0,female,0.0,0.0,10.5,S,9,,531,IN,adulte,11.21,ID0571
571,2.0,0.0,male,0.0,0.0,13.0,S,,,639,,jeune adulte,12.55,ID0572
572,2.0,1.0,female,0.0,0.0,12.65,S,,,929,OH,jeune adulte,11.65,ID0573
573,2.0,1.0,female,0.0,0.0,10.5,S,16,,218,England / Massachusetts,jeune adulte,9.63,ID0574
574,2.0,0.0,male,1.0,0.0,21.0,S,,,668,England,jeune adulte,22.84,ID0575
575,2.0,0.0,female,1.0,0.0,21.0,S,,,668,England,jeune adulte,19.4,ID0576
576,2.0,0.0,male,0.0,0.0,13.0,S,,,221,VT,adulte,12.07,ID0577
577,2.0,1.0,female,0.0,0.0,21.0,S,14,,528,NY,jeune adulte,22.52,ID0578
578,2.0,0.0,male,1.0,0.0,21.0,S,,,352,CT,jeune adulte,19.97,ID0579
579,2.0,0.0,male,1.0,0.0,10.5,S,,,666,,jeune adulte,10.85,ID0580
580,2.0,1.0,female,0.0,0.0,21.0,S,10,,352,CT,jeune adulte,22.33,ID0581
581,2.0,0.0,male,0.0,0.0,0.0,S,,,856,Belfast,,0.0,ID0582
582,2.0,1.0,female,0.0,0.0,15.75,S,9,,595,OR,enfant,17.19,ID0583
583,2.0,1.0,female,0.0,0.0,15.75,S,9,,595,OR,adulte,16.41,ID0584
584,2.0,1.0,female,0.0,0.0,13.0,S,12,,267,CT,jeune adulte,11.99,ID0585
585,2.0,0.0,male,1.0,0.0,26.0,S,,293.0,414,PQ,jeune adulte,26.3,ID0586
586,2.0,1.0,female,1.0,0.0,26.0,S,10,,414,PQ,jeune adulte,27.13,ID0587
587,2.0,1.0,male,1.0,1.0,23.0,S,14,,103,OH,enfant,24.39,ID0588
588,2.0,1.0,female,1.0,1.0,23.0,S,14,,103,OH,enfant,20.82,ID0589
589,2.0,1.0,female,0.0,2.0,23.0,S,14,,103,OH,jeune adulte,24.01,ID0590
590,2.0,1.0,female,1.0,2.0,27.75,S,10,,651,England,enfant,29.56,ID0591
591,2.0,1.0,female,1.0,2.0,27.75,S,10,,651,England,enfant,29.12,ID0592
592,2.0,0.0,male,1.0,2.0,27.75,S,,,651,England,adulte,27.82,ID0593
593,2.0,1.0,female,1.0,2.0,27.75,S,10,,651,England,jeune adulte,27.52,ID0594
594,2.0,0.0,male,0.0,0.0,10.5,S,,,579,RI,senior,10.6,ID0595
595,2.0,0.0,male,0.0,0.0,12.875,S,,,159,,,13.4,ID0596
596,2.0,1.0,male,0.0,0.0,13.0,S,9,,270,England,jeune adulte,14.1,ID0597
597,2.0,1.0,male,0.0,0.0,13.0,S,14,,373,England,,13.3,ID0598
598,2.0,1.0,female,0.0,0.0,13.5,S,9,,844,OR,jeune adulte,14.55,ID0599
599,2.0,0.0,female,0.0,0.0,13.0,S,,,747,Paris,jeune adulte,13.52,ID0600
600,3.0,0.0,male,0.0,0.0,7.55,S,,,547,,adulte,6.9,ID0601
601,3.0,0.0,male,0.0,2.0,20.25,S,,,673,RI,ado,20.25,ID0602
602,3.0,0.0,male,1.0,1.0,20.25,S,,190.0,673,RI,ado,19.39,ID0603
603,3.0,1.0,female,1.0,1.0,20.25,S,A,,673,RI,jeune adulte,19.38,ID0604
604,3.0,1.0,female,0.0,0.0,7.65,S,16,,125,CA,ado,7.43,ID0605
605,3.0,1.0,male,0.0,0.0,7.65,S,A,,122,SD,jeune adulte,7.37,ID0606
606,3.0,1.0,male,0.0,0.0,7.925,S,15,,284,NJ,jeune adulte,8.05,ID0607
607,3.0,1.0,female,0.0,0.0,7.2292,C,C,,657,PA,ado,7.49,ID0608
608,3.0,0.0,male,0.0,0.0,7.25,S,,72.0,076,NY,jeune adulte,6.91,ID0609
609,3.0,0.0,male,0.0,0.0,8.05,S,,103.0,826,England,jeune adulte,7.45,ID0610
610,3.0,0.0,female,1.0,0.0,9.475,S,,,546,MN,adulte,8.64,ID0611
611,3.0,1.0,male,0.0,1.0,9.35,S,11,,091,VA,enfant,9.49,ID0612
612,3.0,1.0,female,0.0,1.0,9.35,S,13,,091,VA,ado,8.76,ID0613
613,3.0,1.0,male,0.0,0.0,18.7875,C,15,,699,VA,jeune adulte,16.94,ID0614
614,3.0,0.0,male,0.0,0.0,7.8875,S,,,474,NY,jeune adulte,8.56,ID0615
615,3.0,0.0,male,0.0,0.0,7.925,S,,,287,OR,jeune adulte,7.98,ID0616
616,3.0,0.0,male,0.0,0.0,7.05,S,,,311,,jeune adulte,6.48,ID0617
617,3.0,0.0,male,0.0,0.0,7.05,S,,79.0,312,Argentina,jeune adulte,7.53,ID0618
618,3.0,0.0,male,0.0,0.0,8.05,S,,,450,Birmingham,jeune adulte,8.83,ID0619
619,3.0,0.0,male,0.0,0.0,8.3,S,,259.0,223,NY,ado,8.21,ID0620
620,3.0,0.0,male,0.0,0.0,22.525,S,,260.0,001,Norway,jeune adulte,20.46,ID0621
621,3.0,1.0,female,1.0,0.0,7.8542,S,16,,046,,jeune adulte,7.25,ID0622
622,3.0,0.0,male,4.0,2.0,31.275,S,,,082,MN,enfant,30.53,ID0623
623,3.0,0.0,female,4.0,2.0,31.275,S,,,082,MN,enfant,33.69,ID0624
624,3.0,0.0,female,4.0,2.0,31.275,S,,,082,MN,enfant,29.07,ID0625
625,3.0,1.0,female,4.0,2.0,7.925,S,D,,281,NY,ado,8.44,ID0626
626,3.0,0.0,female,4.0,2.0,7.775,S,,,091,MI,adulte,7.02,ID0627
627,3.0,0.0,female,4.0,2.0,31.275,S,,,082,MN,enfant,31.01,ID0628
628,3.0,0.0,female,4.0,2.0,31.275,S,,,082,MN,enfant,32.18,ID0629
629,3.0,0.0,male,1.0,5.0,31.275,S,,,082,MN,adulte,28.53,ID0630
630,3.0,1.0,male,0.0,0.0,7.7958,S,A,,043,,jeune adulte,7.97,ID0631
631,3.0,0.0,male,0.0,0.0,7.775,S,,,075,CT,jeune adulte,8.47,ID0632
632,3.0,0.0,female,1.0,5.0,31.275,S,,,082,MN,adulte,29.15,ID0633
633,3.0,0.0,male,0.0,0.0,7.8542,S,,,466,IL,jeune adulte,8.21,ID0634
634,3.0,0.0,male,0.0,0.0,7.8958,S,,,202,IL,jeune adulte,8.07,ID0635
635,3.0,0.0,male,1.0,0.0,17.8,S,,,237,Switzerland,jeune adulte,16.68,ID0636
636,3.0,0.0,female,1.0,0.0,17.8,S,,,237,Switzerland,ado,16.04,ID0637
637,3.0,0.0,male,0.0,0.0,7.775,S,,,911,IL,jeune adulte,7.01,ID0638
638,3.0,0.0,male,0.0,0.0,7.05,S,,,310,,jeune adulte,7.1,ID0639
639,3.0,0.0,male,4.0,2.0,31.3875,S,,,077,MA,enfant,34.17,ID0640
640,3.0,0.0,male,4.0,2.0,31.3875,S,,,077,MA,enfant,32.29,ID0641
641,3.0,1.0,male,4.0,2.0,31.3875,S,15,,077,MA,enfant,32.73,ID0642
642,3.0,0.0,male,4.0,2.0,31.3875,S,,,077,MA,ado,31.35,ID0643
643,3.0,1.0,female,4.0,2.0,31.3875,S,15,,077,MA,enfant,31.9,ID0644
644,3.0,0.0,male,1.0,5.0,31.3875,S,,142.0,077,MA,adulte,29.04,ID0645
645,3.0,1.0,male,0.0,0.0,7.7958,S,13,,054,MN,jeune adulte,8.38,ID0646
646,3.0,1.0,female,1.0,5.0,31.3875,S,15,,077,MA,adulte,33.02,ID0647
647,3.0,1.0,female,0.0,0.0,7.225,C,C,,696,ON,adulte,7.94,ID0648
648,3.0,0.0,male,0.0,0.0,7.225,C,,,692,ON,jeune adulte,6.93,ID0649
649,3.0,0.0,male,0.0,0.0,7.05,S,,,309,,jeune adulte,6.67,ID0650
650,3.0,0.0,female,0.0,0.0,14.4583,C,,,627,,ado,13.37,ID0651
651,3.0,0.0,male,0.0,0.0,7.225,C,,,694,ON,jeune adulte,7.9,ID0652
652,3.0,0.0,male,0.0,0.0,7.8542,S,,,468,IL,jeune adulte,8.3,ID0653
653,3.0,1.0,female,0.0,0.0,7.2292,C,C,,687,OH,ado,6.75,ID0654
654,3.0,0.0,male,0.0,0.0,7.225,C,,,679,,jeune adulte,7.3,ID0655
655,3.0,0.0,male,1.0,0.0,15.85,S,D,,278,NY,jeune adulte,15.58,ID0656
656,3.0,1.0,female,3.0,0.0,15.85,S,,,278,NY,jeune adulte,14.75,ID0657
657,3.0,1.0,female,2.0,1.0,19.2583,C,C,,666,NY,enfant,17.96,ID0658
658,3.0,1.0,female,2.0,1.0,19.2583,C,C,,666,NY,enfant,21.04,ID0659
659,3.0,1.0,female,2.0,1.0,19.2583,C,C,,666,NY,enfant,18.51,ID0660
660,3.0,1.0,female,0.0,3.0,19.2583,C,C,,666,NY,jeune adulte,20.96,ID0661
661,3.0,1.0,female,0.0,0.0,8.05,S,C,,416,NY,ado,7.37,ID0662
662,3.0,0.0,male,0.0,0.0,7.225,C,,,623,,adulte,7.17,ID0663
663,3.0,0.0,male,0.0,0.0,7.8958,S,,,248,,jeune adulte,7.31,ID0664
664,3.0,1.0,male,0.0,0.0,7.2292,C,15,,663,,jeune adulte,6.51,ID0665
665,3.0,0.0,female,0.0,1.0,14.4542,C,,,691,ON,ado,14.61,ID0666
666,3.0,0.0,female,0.0,1.0,14.4542,C,,,691,ON,adulte,13.34,ID0667
667,3.0,0.0,female,0.0,0.0,7.8792,Q,,,844,NY,jeune adulte,8.23,ID0668
668,3.0,0.0,male,0.0,0.0,8.05,S,,,669,NY,jeune adulte,8.37,ID0669
669,3.0,0.0,male,0.0,0.0,8.05,S,,,951,England,jeune adulte,7.53,ID0670
670,3.0,0.0,male,0.0,0.0,7.775,S,,,068,IL,jeune adulte,8.46,ID0671
671,3.0,0.0,male,0.0,0.0,9.35,S,,,348,Finland New York,jeune adulte,9.76,ID0672
672,3.0,0.0,male,0.0,0.0,7.2292,C,,,622,,,6.94,ID0673
673,3.0,0.0,male,0.0,0.0,4.0125,C,,,648,Syria,jeune adulte,4.18,ID0674
674,3.0,1.0,male,0.0,0.0,56.4958,S,C,,601,NY,jeune adulte,59.12,ID0675
675,3.0,0.0,male,0.0,0.0,7.775,S,,,992,Norway New York,jeune adulte,7.53,ID0676
676,3.0,0.0,male,0.0,0.0,7.75,S,,,090,Sweden New York,ado,7.56,ID0677
677,3.0,0.0,male,0.0,0.0,7.8958,S,,,224,IL,jeune adulte,7.67,ID0678
678,3.0,0.0,male,1.0,1.0,15.2458,C,,,678,ON,enfant,15.6,ID0679
679,3.0,0.0,female,1.0,1.0,15.2458,C,,,678,ON,enfant,16.47,ID0680
680,3.0,0.0,male,0.0,0.0,7.225,C,,,664,Syria,,6.75,ID0681
681,3.0,0.0,female,0.0,2.0,15.2458,C,,,678,ON,,16.39,ID0682
682,3.0,0.0,female,0.0,2.0,7.75,Q,,,848,IL,,7.02,ID0683
683,3.0,0.0,male,1.0,1.0,15.5,Q,,,849,IL,adulte,16.0,ID0684
684,3.0,0.0,female,1.0,1.0,15.5,Q,,,849,IL,jeune adulte,15.23,ID0685
685,3.0,0.0,male,0.0,0.0,16.1,S,,,636,Wales,jeune adulte,17.04,ID0686
686,3.0,1.0,female,0.0,0.0,7.725,Q,13,,914,NY,jeune adulte,8.07,ID0687
687,3.0,0.0,female,0.0,0.0,7.8542,S,,,471,IL,jeune adulte,7.82,ID0688
688,3.0,0.0,male,1.0,0.0,7.0458,S,,,460,Devon,jeune adulte,7.25,ID0689
689,3.0,0.0,male,1.0,0.0,7.25,S,,,171,Devon,jeune adulte,7.25,ID0690
690,3.0,0.0,male,0.0,0.0,7.7958,S,,,045,MA,jeune adulte,8.28,ID0691
691,3.0,0.0,male,0.0,0.0,8.05,S,,,512,England,jeune adulte,8.01,ID0692
692,3.0,0.0,female,0.0,0.0,7.2833,Q,,299.0,944,MA,jeune adulte,7.32,ID0693
693,3.0,1.0,male,0.0,0.0,7.8208,Q,13,,920,NY,jeune adulte,7.43,ID0694
694,3.0,0.0,male,0.0,0.0,6.75,Q,,,222,MA,jeune adulte,6.89,ID0695
695,3.0,0.0,female,0.0,0.0,7.8792,Q,,,963,NY,ado,7.57,ID0696
696,3.0,0.0,female,0.0,0.0,8.6625,S,,,087,,jeune adulte,8.8,ID0697
697,3.0,0.0,female,0.0,0.0,8.6625,S,,,084,,jeune adulte,8.09,ID0698
698,3.0,0.0,male,0.0,0.0,8.6625,S,,,091,,ado,8.07,ID0699
699,3.0,0.0,male,0.0,0.0,8.6625,S,,,089,Croatia,adulte,8.52,ID0700
700,3.0,0.0,male,0.0,0.0,8.6625,S,,,093,,ado,8.54,ID0701
701,3.0,0.0,male,0.0,0.0,8.6625,S,,,086,,ado,8.26,ID0702
702,3.0,0.0,female,0.0,0.0,7.75,Q,,,846,,jeune adulte,7.18,ID0703
703,3.0,0.0,male,0.0,0.0,7.75,Q,,,858,PA,jeune adulte,7.04,ID0704
704,3.0,0.0,male,0.0,0.0,8.05,S,,,152,,jeune adulte,7.29,ID0705
705,3.0,0.0,male,1.0,0.0,14.4583,C,,,689,ON,,13.8,ID0706
706,3.0,0.0,female,1.0,0.0,14.4583,C,,,689,ON,,14.35,ID0707
707,3.0,0.0,male,0.0,0.0,7.7958,S,,,042,MN,jeune adulte,8.15,ID0708
708,3.0,0.0,male,0.0,0.0,7.8542,S,,,409,IL,jeune adulte,7.81,ID0709
709,3.0,1.0,female,0.0,0.0,7.75,Q,16,,231,NY,ado,8.38,ID0710
710,3.0,0.0,female,0.0,0.0,7.75,Q,,,364,CT,adulte,7.03,ID0711
711,3.0,0.0,male,0.0,0.0,7.25,S,,,095,Hants,jeune adulte,6.79,ID0712
712,3.0,0.0,male,0.0,0.0,8.05,S,,,275,London,jeune adulte,7.79,ID0713
713,3.0,0.0,male,0.0,0.0,7.7333,Q,,,032,NY,jeune adulte,7.85,ID0714
714,3.0,1.0,male,0.0,0.0,56.4958,S,C,,601,NY,jeune adulte,60.48,ID0715
715,3.0,0.0,male,0.0,0.0,8.05,S,,,276,,jeune adulte,7.81,ID0716
716,3.0,0.0,male,1.0,0.0,14.4542,C,,,680,Greece,jeune adulte,13.78,ID0717
717,3.0,0.0,male,1.0,0.0,14.4542,C,,,680,Greece,ado,13.19,ID0718
718,3.0,0.0,male,0.0,0.0,7.05,S,,,307,Portugal,jeune adulte,7.5,ID0719
719,3.0,1.0,male,0.0,0.0,8.05,S,12,,540,NY,ado,7.86,ID0720
720,3.0,0.0,male,0.0,0.0,7.25,Q,,,109,PQ,jeune adulte,7.35,ID0721
721,3.0,0.0,male,0.0,0.0,7.4958,S,,,210,IL,adulte,8.22,ID0722
722,3.0,0.0,male,0.0,0.0,7.4958,S,,,209,,jeune adulte,6.75,ID0723
723,3.0,0.0,male,0.0,0.0,7.7333,Q,,,332,PA,jeune adulte,7.18,ID0724
724,3.0,0.0,male,0.0,0.0,7.75,Q,,,097,NY,jeune adulte,8.18,ID0725
725,3.0,1.0,female,0.0,0.0,7.75,Q,13,,373,Ireland,jeune adulte,8.22,ID0726
726,3.0,0.0,female,0.0,0.0,7.6292,Q,,,972,Ireland,jeune adulte,8.04,ID0727
727,3.0,0.0,male,0.0,0.0,7.75,Q,,171.0,369,,senior,7.81,ID0728
728,3.0,0.0,male,0.0,0.0,8.05,S,,,536,,adulte,8.82,ID0729
729,3.0,0.0,male,0.0,0.0,7.8958,S,,,230,Austria,jeune adulte,7.73,ID0730
730,3.0,0.0,male,0.0,0.0,7.8958,S,,,229,Austria,jeune adulte,8.06,ID0731
731,3.0,0.0,male,0.0,0.0,7.8958,S,,,231,Austria,jeune adulte,7.21,ID0732
732,3.0,0.0,male,0.0,0.0,8.05,S,,,090,London,jeune adulte,7.9,ID0733
733,3.0,1.0,male,1.0,1.0,15.9,S,2,,671,NY,enfant,16.61,ID0734
734,3.0,1.0,male,1.0,1.0,15.9,S,2,,671,NY,enfant,15.07,ID0735
735,3.0,1.0,female,0.0,2.0,15.9,S,2,,671,NY,adulte,17.31,ID0736
736,3.0,0.0,male,0.0,0.0,7.25,S,,,500,WI,adulte,7.52,ID0737
737,3.0,0.0,male,0.0,0.0,8.1583,S,,,464,OH,jeune adulte,7.81,ID0738
738,3.0,1.0,female,0.0,1.0,16.1,S,12,,362,NJ,ado,16.97,ID0739
739,3.0,0.0,male,0.0,1.0,16.1,S,,,362,NJ,adulte,14.76,ID0740
740,3.0,0.0,male,0.0,0.0,8.6625,S,,,090,Austria-Hungary,ado,9.49,ID0741
741,3.0,0.0,male,0.0,0.0,7.225,C,,9.0,698,,jeune adulte,6.57,ID0742
742,3.0,1.0,male,0.0,0.0,8.05,S,15,,598,ND,adulte,8.75,ID0743
743,3.0,0.0,female,0.0,0.0,10.5167,S,,,552,IL,jeune adulte,10.0,ID0744
744,3.0,0.0,male,0.0,0.0,10.1708,S,,,228,Austria,jeune adulte,10.7,ID0745
745,3.0,1.0,female,0.0,0.0,6.95,Q,15,,650,NY,jeune adulte,6.26,ID0746
746,3.0,1.0,male,0.0,0.0,7.75,Q,13 15 B,,651,NY,jeune adulte,7.37,ID0747
747,3.0,0.0,male,0.0,2.0,14.4,S,,,080,IA,enfant,15.12,ID0748
748,3.0,0.0,male,1.0,1.0,14.4,S,,197.0,080,IA,jeune adulte,14.49,ID0749
749,3.0,0.0,female,1.0,1.0,14.4,S,,,080,IA,jeune adulte,13.29,ID0750
750,3.0,0.0,male,0.0,0.0,7.8958,S,,,219,IL,jeune adulte,7.73,ID0751
751,3.0,0.0,male,0.0,0.0,7.8958,S,,,203,IL,jeune adulte,7.7,ID0752
752,3.0,0.0,male,2.0,0.0,24.15,S,,,871,MI,jeune adulte,24.48,ID0753
753,3.0,0.0,male,0.0,0.0,8.05,S,,,568,,jeune adulte,8.32,ID0754
754,3.0,0.0,male,2.0,0.0,24.15,S,,,871,MI,jeune adulte,25.8,ID0755
755,3.0,0.0,male,2.0,0.0,8.05,S,,,873,MI,ado,8.05,ID0756
756,3.0,0.0,male,1.0,0.0,16.1,S,,,525,OH,,15.75,ID0757
757,3.0,1.0,female,1.0,0.0,16.1,S,16,,525,OH,,14.95,ID0758
758,3.0,1.0,male,1.0,0.0,17.4,S,15,,572,MT,adulte,18.46,ID0759
759,3.0,1.0,female,1.0,0.0,17.4,S,13,,572,MT,adulte,18.14,ID0760
760,3.0,1.0,male,0.0,0.0,9.5,S,11,,774,MI,jeune adulte,9.33,ID0761
761,3.0,0.0,male,0.0,0.0,9.5,S,,,778,,ado,9.54,ID0762
762,3.0,1.0,male,1.0,2.0,20.575,S,10,,315,KS,enfant,21.25,ID0763
763,3.0,1.0,female,1.0,2.0,20.575,S,10,,315,KS,enfant,19.2,ID0764
764,3.0,0.0,male,1.0,2.0,20.575,S,,,315,KS,jeune adulte,18.63,ID0765
765,3.0,1.0,female,1.0,2.0,20.575,S,10,,315,KS,jeune adulte,19.82,ID0766
766,3.0,0.0,male,0.0,0.0,7.8958,S,,,250,,jeune adulte,8.05,ID0767
767,3.0,0.0,male,0.0,0.0,7.8958,S,,,238,,,7.87,ID0768
768,3.0,0.0,male,0.0,0.0,7.8958,S,,,225,IA,,8.2,ID0769
769,3.0,0.0,male,0.0,0.0,7.25,S,,,172,,jeune adulte,7.71,ID0770
770,3.0,0.0,male,0.0,0.0,7.25,S,,,175,,adulte,7.23,ID0771
771,3.0,1.0,female,0.0,0.0,7.8792,Q,C,,958,NY,jeune adulte,7.3,ID0772
772,3.0,0.0,male,0.0,0.0,7.8958,S,,,232,,ado,8.45,ID0773
773,3.0,0.0,male,0.0,0.0,8.6625,S,,,088,,adulte,8.79,ID0774
774,3.0,0.0,male,0.0,0.0,7.8958,S,,,226,,adulte,8.27,ID0775
775,3.0,0.0,male,0.0,0.0,7.2292,C,,,686,,,7.53,ID0776
776,3.0,0.0,male,0.0,0.0,7.75,Q,,,376,NY,jeune adulte,8.48,ID0777
777,3.0,1.0,male,0.0,0.0,8.05,S,B,,482,IL,jeune adulte,7.72,ID0778
778,3.0,1.0,female,0.0,0.0,12.475,S,13,,516,NJ,jeune adulte,12.99,ID0779
779,3.0,0.0,female,0.0,0.0,7.75,Q,,,702,NY,jeune adulte,7.54,ID0780
780,3.0,1.0,female,0.0,0.0,8.05,S,,,083,NY,jeune adulte,7.88,ID0781
781,3.0,0.0,male,0.0,0.0,7.8958,C,,51.0,241,NY,jeune adulte,7.47,ID0782
782,3.0,0.0,male,0.0,0.0,7.75,Q,,,439,,senior,7.51,ID0783
783,3.0,1.0,male,0.0,0.0,7.55,S,D,,752,NY,jeune adulte,8.23,ID0784
784,3.0,0.0,male,1.0,0.0,13.9,S,,,072,CT,jeune adulte,13.32,ID0785
785,3.0,1.0,female,1.0,0.0,13.9,S,16,,072,CT,jeune adulte,13.19,ID0786
786,3.0,0.0,male,0.0,0.0,7.775,S,,,912,IL,ado,7.9,ID0787
787,3.0,0.0,male,0.0,0.0,7.775,S,,,074,AZ,ado,7.4,ID0788
788,3.0,0.0,male,0.0,0.0,6.975,S,,,061,SD,adulte,6.94,ID0789
789,3.0,0.0,male,0.0,0.0,7.225,C,,,674,,,7.71,ID0790
790,3.0,0.0,male,0.0,2.0,7.2292,C,,,675,ON,adulte,6.84,ID0791
791,3.0,0.0,male,1.0,1.0,7.2292,C,,,690,,ado,7.12,ID0792
792,3.0,0.0,male,1.0,1.0,7.2292,C,,,695,Syria,ado,7.39,ID0793
793,3.0,0.0,male,0.0,0.0,7.25,S,,,902,USA,adulte,7.32,ID0794
794,3.0,1.0,female,0.0,0.0,12.475,S,13,,516,NY,enfant,13.66,ID0795
795,3.0,0.0,male,0.0,0.0,7.225,C,,,631,,,7.49,ID0796
796,3.0,0.0,male,0.0,0.0,15.1,S,,187.0,212,,adulte,15.82,ID0797
797,3.0,0.0,male,0.0,0.0,7.75,Q,,68.0,232,NY,adulte,8.47,ID0798
798,3.0,1.0,male,0.0,0.0,7.05,S,15,,308,PA,,6.93,ID0799
799,3.0,0.0,male,0.0,0.0,7.7958,S,,,036,,ado,7.57,ID0800
800,3.0,0.0,female,0.0,0.0,7.75,Q,,,859,,,7.04,ID0801
801,3.0,0.0,male,0.0,0.0,7.75,Q,,,851,,,7.26,ID0802
802,3.0,0.0,male,0.0,0.0,6.95,Q,,,323,,,6.58,ID0803
803,3.0,0.0,male,0.0,0.0,7.8792,Q,,,910,IL,jeune adulte,7.38,ID0804
804,3.0,0.0,male,0.0,0.0,7.75,Q,,,235,Ireland,,8.14,ID0805
805,3.0,1.0,male,0.0,0.0,56.4958,S,13,,601,NY,,56.9,ID0806
806,3.0,0.0,female,2.0,2.0,34.375,S,,,608,MA,jeune adulte,35.53,ID0807
807,3.0,0.0,female,2.0,2.0,34.375,S,,,608,MA,enfant,36.58,ID0808
808,3.0,0.0,male,0.0,0.0,8.05,S,,,478,England,,7.62,ID0809
809,3.0,0.0,male,2.0,2.0,34.375,S,,,608,MA,ado,33.18,ID0810
810,3.0,0.0,male,1.0,3.0,34.375,S,,,608,MA,ado,35.81,ID0811
811,3.0,0.0,female,1.0,3.0,34.375,S,,,608,MA,adulte,33.64,ID0812
812,3.0,0.0,male,0.0,0.0,7.75,Q,,,573,NY,,7.02,ID0813
813,3.0,0.0,male,0.0,0.0,7.25,S,,,314,,,7.16,ID0814
814,3.0,0.0,male,0.0,0.0,7.7417,Q,,,864,NY,jeune adulte,8.37,ID0815
815,3.0,0.0,male,0.0,0.0,14.5,S,,,585,,,14.24,ID0816
816,3.0,0.0,male,0.0,0.0,7.8958,C,,,254,,,7.63,ID0817
817,3.0,0.0,male,0.0,0.0,8.05,S,,47.0,973,,jeune adulte,8.84,ID0818
818,3.0,1.0,female,0.0,0.0,7.7333,Q,16,,851,NY,ado,7.96,ID0819
819,3.0,1.0,female,0.0,0.0,7.75,Q,13,,677,DC,,7.54,ID0820
820,3.0,1.0,male,0.0,2.0,20.525,S,C D,,291,MI,enfant,18.89,ID0821
821,3.0,0.0,male,1.0,1.0,20.525,S,,,291,MI,jeune adulte,21.71,ID0822
822,3.0,0.0,male,0.0,0.0,7.85,S,,,263,PA,adulte,8.18,ID0823
823,3.0,1.0,female,1.0,1.0,20.525,S,C D,,291,MI,jeune adulte,22.26,ID0824
824,3.0,0.0,male,0.0,0.0,7.05,S,,,306,Portugal,adulte,6.65,ID0825
825,3.0,0.0,male,5.0,2.0,46.9,S,,,144,NY,enfant,43.29,ID0826
826,3.0,0.0,male,5.0,2.0,46.9,S,,,144,NY,enfant,49.0,ID0827
827,3.0,0.0,male,5.0,2.0,46.9,S,,,144,NY,enfant,44.12,ID0828
828,3.0,0.0,female,5.0,2.0,46.9,S,,,144,NY,enfant,43.86,ID0829
829,3.0,0.0,female,5.0,2.0,46.9,S,,,144,NY,ado,45.21,ID0830
830,3.0,0.0,male,5.0,2.0,46.9,S,,,144,NY,ado,49.87,ID0831
831,3.0,0.0,male,1.0,6.0,46.9,S,,,144,NY,adulte,47.27,ID0832
832,3.0,0.0,female,1.0,6.0,46.9,S,,,144,NY,adulte,42.64,ID0833
833,3.0,0.0,male,0.0,0.0,8.05,S,,,440,England,adulte,7.99,ID0834
834,3.0,0.0,male,0.0,0.0,8.3625,S,,,471,ND,jeune adulte,8.67,ID0835
835,3.0,0.0,male,0.0,0.0,8.05,S,,,563,,,8.11,ID0836
836,3.0,0.0,male,0.0,0.0,9.8458,S,,,534,IL,jeune adulte,9.99,ID0837
837,3.0,0.0,male,2.0,0.0,7.925,S,,98.0,276,NY,adulte,7.49,ID0838
838,3.0,0.0,male,2.0,0.0,7.925,S,,,277,NY,jeune adulte,8.48,ID0839
839,3.0,0.0,male,0.0,0.0,7.775,S,,,069,NY,jeune adulte,7.87,ID0840
840,3.0,0.0,female,0.0,0.0,8.85,S,,,236,,jeune adulte,9.23,ID0841
841,3.0,0.0,female,0.0,0.0,7.7333,Q,,,631,,ado,8.48,ID0842
842,3.0,0.0,male,1.0,0.0,19.9667,S,,,303,,,19.68,ID0843
843,3.0,0.0,male,1.0,0.0,19.9667,S,,,304,,,21.49,ID0844
844,3.0,0.0,male,1.0,0.0,15.85,S,,,279,,jeune adulte,14.29,ID0845
845,3.0,1.0,female,1.0,0.0,15.85,S,15,,279,,jeune adulte,14.37,ID0846
846,3.0,0.0,male,0.0,0.0,9.5,S,,,769,,jeune adulte,9.67,ID0847
847,3.0,0.0,male,0.0,0.0,7.2292,C,,188.0,693,,jeune adulte,6.96,ID0848
848,3.0,0.0,male,2.0,0.0,14.1083,S,,,026,,adulte,13.4,ID0849
849,3.0,0.0,male,1.0,0.0,7.8542,S,,,025,,jeune adulte,7.51,ID0850
850,3.0,0.0,male,0.0,0.0,7.8542,S,,69.0,029,,jeune adulte,7.57,ID0851
851,3.0,1.0,female,1.0,0.0,14.1083,S,11,,026,,adulte,14.75,ID0852
852,3.0,0.0,female,0.0,0.0,7.55,S,,,609,,,7.65,ID0853
853,3.0,0.0,male,0.0,0.0,7.25,S,B,,887,,jeune adulte,7.67,ID0854
854,3.0,0.0,male,0.0,0.0,6.8583,Q,,,140,,,7.31,ID0855
855,3.0,0.0,male,0.0,0.0,18.7875,C,,,699,,enfant,20.08,ID0856
856,3.0,1.0,female,0.0,0.0,7.75,Q,16,,375,,,7.62,ID0857
857,3.0,1.0,male,0.0,0.0,6.975,S,15,,089,,jeune adulte,6.87,ID0858
858,3.0,1.0,male,0.0,0.0,56.4958,S,C,,601,,,61.31,ID0859
859,3.0,0.0,female,0.0,0.0,6.75,Q,,,226,,ado,6.97,ID0860
860,3.0,1.0,female,0.0,0.0,7.925,S,,,282,,jeune adulte,7.26,ID0861
861,3.0,0.0,female,0.0,0.0,7.925,S,,,290,,jeune adulte,7.99,ID0862
862,3.0,1.0,female,0.0,0.0,8.9625,S,C,,548,,jeune adulte,8.7,ID0863
863,3.0,0.0,male,0.0,0.0,7.8958,S,,306.0,243,,jeune adulte,8.67,ID0864
864,3.0,0.0,female,0.0,0.0,7.775,S,,,086,,jeune adulte,7.02,ID0865
865,3.0,0.0,female,0.0,0.0,7.75,Q,,,649,,,7.92,ID0866
866,3.0,1.0,female,0.0,1.0,12.2875,S,15,,298,,enfant,12.84,ID0867
867,3.0,1.0,female,1.0,1.0,12.2875,S,15,,298,,jeune adulte,11.77,ID0868
868,3.0,0.0,male,0.0,0.0,6.45,S,,,075,,adulte,7.06,ID0869
869,3.0,0.0,male,0.0,0.0,22.525,S,,,001,,jeune adulte,24.14,ID0870
870,3.0,1.0,female,0.0,0.0,7.925,S,,,283,,jeune adulte,8.58,ID0871
871,3.0,0.0,male,0.0,0.0,7.75,Q,,,377,,,7.0,ID0872
872,3.0,1.0,female,0.0,0.0,8.05,S,C,,186,,,8.16,ID0873
873,3.0,0.0,male,0.0,0.0,7.65,S,,120.0,121,,adulte,7.34,ID0874
874,3.0,1.0,male,0.0,0.0,7.8875,S,C,,470,,,8.44,ID0875
875,3.0,0.0,male,0.0,0.0,7.2292,C,,,685,,jeune adulte,7.42,ID0876
876,3.0,0.0,male,0.0,0.0,7.8958,S,,,220,,,7.96,ID0877
877,3.0,0.0,female,1.0,0.0,7.925,S,,,270,,jeune adulte,7.31,ID0878
878,3.0,0.0,female,1.0,0.0,7.925,S,,,271,,jeune adulte,7.99,ID0879
879,3.0,0.0,male,0.0,0.0,7.8958,S,,,201,,,8.1,ID0880
880,3.0,1.0,male,0.0,0.0,7.8958,C,15,,240,,jeune adulte,8.62,ID0881
881,3.0,1.0,male,0.0,0.0,7.7958,S,A,,034,,jeune adulte,7.93,ID0882
882,3.0,0.0,male,0.0,0.0,7.05,S,,,305,,,7.71,ID0883
883,3.0,0.0,male,0.0,0.0,7.8542,S,,,050,,jeune adulte,8.58,ID0884
884,3.0,0.0,male,0.0,0.0,7.8542,S,,,047,,adulte,8.09,ID0885
885,3.0,0.0,male,1.0,0.0,7.0542,S,,,048,,ado,7.06,ID0886
886,3.0,1.0,female,0.0,0.0,7.75,Q,D,,313,,,7.7,ID0887
887,3.0,1.0,male,0.0,0.0,8.1125,S,13,,306,,,8.75,ID0888
888,3.0,0.0,male,0.0,0.0,6.4958,S,,143.0,264,,jeune adulte,5.88,ID0889
889,3.0,1.0,male,0.0,0.0,7.775,S,15,,070,,jeune adulte,7.17,ID0890
890,3.0,0.0,male,0.0,0.0,7.7958,S,,156.0,052,,jeune adulte,7.18,ID0891
891,3.0,0.0,male,0.0,0.0,8.6542,S,,285.0,540,,jeune adulte,9.1,ID0892
892,3.0,0.0,male,0.0,0.0,7.775,S,,,063,,jeune adulte,7.53,ID0893
893,3.0,0.0,male,0.0,0.0,7.8542,S,,,467,,jeune adulte,8.07,ID0894
894,3.0,1.0,male,1.0,1.0,11.1333,S,15,,742,,enfant,11.36,ID0895
895,3.0,1.0,female,1.0,1.0,11.1333,S,15,,742,,enfant,10.88,ID0896
896,3.0,0.0,male,0.0,0.0,0.0,S,,,INE,,adulte,0.0,ID0897
897,3.0,0.0,male,0.0,0.0,7.775,S,,37.0,062,,jeune adulte,8.0,ID0898
898,3.0,0.0,male,0.0,0.0,0.0,S,,,INE,,jeune adulte,0.0,ID0899
899,3.0,1.0,female,0.0,2.0,11.1333,S,15,,742,,jeune adulte,11.3,ID0900
900,3.0,0.0,male,1.0,2.0,23.45,S,,,607,,,23.99,ID0901
901,3.0,0.0,female,1.0,2.0,23.45,S,,,607,,,21.42,ID0902
902,3.0,0.0,male,1.0,2.0,23.45,S,,,607,,,25.57,ID0903
903,3.0,0.0,female,1.0,2.0,23.45,S,,,607,,,23.58,ID0904
904,3.0,0.0,male,0.0,0.0,7.8958,S,,,204,,jeune adulte,8.37,ID0905
905,3.0,1.0,male,0.0,0.0,7.8542,S,15,,417,,jeune adulte,7.15,ID0906
906,3.0,0.0,male,0.0,0.0,7.8542,S,,,408,,jeune adulte,7.73,ID0907
907,3.0,0.0,female,1.0,0.0,9.825,S,,,136,,jeune adulte,9.35,ID0908
908,3.0,0.0,female,1.0,0.0,9.825,S,,,137,,jeune adulte,9.37,ID0909
909,3.0,1.0,male,0.0,0.0,7.925,S,15,,286,,jeune adulte,8.39,ID0910
910,3.0,0.0,male,0.0,0.0,7.125,S,,,274,,ado,7.3,ID0911
911,3.0,0.0,male,0.0,0.0,8.4333,S,,,475,,jeune adulte,8.33,ID0912
912,3.0,0.0,male,0.0,0.0,7.8958,S,,,246,,jeune adulte,7.12,ID0913
913,3.0,1.0,male,0.0,0.0,7.7958,S,13,,053,,jeune adulte,8.52,ID0914
914,3.0,0.0,male,0.0,0.0,7.8542,S,,,465,,jeune adulte,8.58,ID0915
915,3.0,0.0,male,0.0,0.0,7.5208,S,,,060,,jeune adulte,7.1,ID0916
916,3.0,1.0,female,0.0,1.0,13.4167,C,15,,256,,enfant,12.19,ID0917
917,3.0,1.0,male,0.0,1.0,13.4167,C,15,,256,,adulte,13.5,ID0918
918,3.0,0.0,male,0.0,0.0,7.2292,C,,,700,,,7.88,ID0919
919,3.0,0.0,male,0.0,0.0,7.2292,C,,58.0,682,,jeune adulte,7.82,ID0920
920,3.0,0.0,male,0.0,0.0,7.75,Q,,,460,,,7.88,ID0921
921,3.0,0.0,male,0.0,0.0,7.25,S,A,,592,,,6.97,ID0922
922,3.0,1.0,female,0.0,0.0,7.75,Q,16,,234,,,7.49,ID0923
923,3.0,1.0,female,0.0,0.0,7.75,Q,D,,312,,,8.37,ID0924
924,3.0,0.0,male,0.0,0.0,7.8292,Q,,70.0,911,,jeune adulte,7.82,ID0925
925,3.0,0.0,male,0.0,0.0,8.05,S,,,592,,adulte,7.46,ID0926
926,3.0,1.0,male,0.0,0.0,7.75,Q,,,783,,,7.36,ID0927
927,3.0,0.0,male,1.0,0.0,14.4542,C,,,660,,,13.81,ID0928
928,3.0,0.0,female,1.0,0.0,14.4542,C,,,660,,,13.37,ID0929
929,3.0,0.0,male,1.0,0.0,7.75,Q,,,227,,,7.69,ID0930
930,3.0,0.0,male,1.0,0.0,7.75,Q,,,229,,,8.39,ID0931
931,3.0,0.0,male,0.0,0.0,7.7375,Q,,,865,,,8.0,ID0932
932,3.0,0.0,female,2.0,0.0,8.6625,S,,,152,,jeune adulte,7.92,ID0933
933,3.0,0.0,male,2.0,0.0,8.6625,S,,,151,,jeune adulte,7.81,ID0934
934,3.0,1.0,female,0.0,2.0,22.025,S,2,,153,,enfant,21.04,ID0935
935,3.0,1.0,male,3.0,1.0,22.025,S,2,,153,,jeune adulte,21.42,ID0936
936,3.0,1.0,female,1.0,1.0,22.025,S,2,,153,,jeune adulte,23.24,ID0937
937,3.0,0.0,female,1.0,1.0,12.1833,S,,,405,,enfant,13.32,ID0938
938,3.0,0.0,male,1.0,1.0,7.8542,S,,,404,,ado,7.68,ID0939
939,3.0,0.0,female,0.0,2.0,12.1833,S,,,405,,adulte,12.64,ID0940
940,3.0,0.0,male,0.0,0.0,7.8958,C,,,253,,,8.68,ID0941
941,3.0,1.0,male,0.0,0.0,7.2292,C,10,,654,,jeune adulte,7.58,ID0942
942,3.0,0.0,male,0.0,0.0,7.225,C,,,624,,,7.42,ID0943
943,3.0,0.0,female,0.0,0.0,9.5875,S,,,135,,adulte,8.78,ID0944
944,3.0,0.0,male,0.0,0.0,7.8958,S,,,217,,,7.62,ID0945
945,3.0,1.0,male,0.0,0.0,56.4958,S,C,,601,,,61.17,ID0946
946,3.0,0.0,male,0.0,0.0,56.4958,S,,,601,,,53.12,ID0947
947,3.0,1.0,female,0.0,0.0,7.25,S,13,,077,,jeune adulte,7.75,ID0948
948,3.0,0.0,male,0.0,0.0,7.75,Q,,,935,,,8.05,ID0949
949,3.0,1.0,male,0.0,0.0,56.4958,S,14,,601,,jeune adulte,54.99,ID0950
950,3.0,0.0,male,0.0,0.0,9.4833,S,,,545,,jeune adulte,9.54,ID0951
951,3.0,0.0,male,0.0,0.0,7.775,S,,,067,,jeune adulte,7.84,ID0952
952,3.0,0.0,male,0.0,0.0,7.775,S,,,065,,jeune adulte,8.11,ID0953
953,3.0,1.0,male,0.0,0.0,7.225,C,6,,620,,jeune adulte,7.25,ID0954
954,3.0,0.0,male,3.0,1.0,25.4667,S,,,133,,,23.6,ID0955
955,3.0,0.0,female,3.0,1.0,25.4667,S,,,133,,,26.86,ID0956
956,3.0,0.0,female,3.0,1.0,25.4667,S,,,133,,,24.99,ID0957
957,3.0,0.0,female,3.0,1.0,25.4667,S,,,133,,,27.83,ID0958
958,3.0,0.0,female,0.0,4.0,25.4667,S,,,133,,,24.36,ID0959
959,3.0,0.0,male,0.0,0.0,7.925,S,,,292,,jeune adulte,7.55,ID0960
960,3.0,0.0,male,0.0,0.0,6.4375,C,,196.0,683,,jeune adulte,6.22,ID0961
961,3.0,0.0,female,1.0,0.0,15.5,Q,,,371,,,15.72,ID0962
962,3.0,0.0,male,1.0,0.0,15.5,Q,,,371,,,16.72,ID0963
963,3.0,0.0,male,0.0,0.0,0.0,S,,,INE,,adulte,0.0,ID0964
964,3.0,0.0,male,0.0,0.0,24.15,S,,,871,,adulte,23.09,ID0965
965,3.0,0.0,male,0.0,0.0,9.5,S,,,781,,jeune adulte,9.66,ID0966
966,3.0,0.0,female,0.0,0.0,7.775,S,,,071,,jeune adulte,7.7,ID0967
967,3.0,0.0,female,0.0,0.0,7.75,S,,,073,,adulte,7.67,ID0968
968,3.0,0.0,male,1.0,0.0,15.55,S,A,,910,,adulte,16.55,ID0969
969,3.0,0.0,female,1.0,0.0,15.55,S,A,,910,,jeune adulte,16.87,ID0970
970,3.0,1.0,male,1.0,0.0,7.925,S,15,,285,,jeune adulte,7.9,ID0971
971,3.0,0.0,male,0.0,0.0,7.8792,Q,,,971,,,8.17,ID0972
972,3.0,0.0,male,0.0,0.0,56.4958,S,,,601,,jeune adulte,59.9,ID0973
973,3.0,0.0,male,0.0,0.0,7.55,S,,,251,,,7.58,ID0974
974,3.0,0.0,male,1.0,0.0,16.1,S,,,336,,jeune adulte,15.44,ID0975
975,3.0,0.0,female,1.0,0.0,16.1,S,,,336,,jeune adulte,16.54,ID0976
976,3.0,0.0,male,0.0,0.0,7.8792,S,,153.0,222,,,8.01,ID0977
977,3.0,0.0,male,0.0,0.0,7.25,S,,,173,,jeune adulte,7.83,ID0978
978,3.0,1.0,male,0.0,0.0,8.6625,S,15,,098,,jeune adulte,7.89,ID0979
979,3.0,0.0,male,0.0,0.0,7.0542,S,,,743,,adulte,7.63,ID0980
980,3.0,1.0,female,0.0,0.0,7.8542,S,10,,469,,jeune adulte,7.91,ID0981
981,3.0,1.0,male,0.0,0.0,7.5792,S,15,,403,,jeune adulte,6.85,ID0982
982,3.0,0.0,male,0.0,0.0,7.8958,S,,,235,,,7.65,ID0983
983,3.0,0.0,male,0.0,0.0,7.55,S,,,795,,,7.89,ID0984
984,3.0,1.0,female,0.0,0.0,7.75,Q,15,,370,,,7.73,ID0985
985,3.0,1.0,male,0.0,0.0,7.1417,S,13,,369,,jeune adulte,7.83,ID0986
986,3.0,0.0,male,0.0,0.0,7.125,S,,,275,,jeune adulte,7.01,ID0987
987,3.0,0.0,female,0.0,0.0,7.8792,Q,,,924,,,7.61,ID0988
988,3.0,0.0,male,0.0,0.0,7.75,Q,,,130,,,8.25,ID0989
989,3.0,0.0,male,0.0,0.0,8.05,S,,,816,,,8.13,ID0990
990,3.0,0.0,male,0.0,0.0,7.925,S,,,268,,jeune adulte,8.21,ID0991
991,3.0,1.0,male,0.0,0.0,7.2292,C,15,,677,,,7.67,ID0992
992,3.0,0.0,female,0.0,0.0,7.75,Q,,61.0,850,,jeune adulte,8.02,ID0993
993,3.0,1.0,female,0.0,0.0,7.7375,Q,16,,866,,,7.62,ID0994
994,3.0,0.0,male,0.0,0.0,7.2292,C,,,655,,,6.69,ID0995
995,3.0,0.0,male,0.0,0.0,7.8958,C,,,213,,jeune adulte,8.02,ID0996
996,3.0,0.0,male,0.0,0.0,7.8958,S,,,257,,jeune adulte,8.52,ID0997
997,3.0,1.0,female,0.0,0.0,7.225,C,C,,649,,,7.11,ID0998
998,3.0,0.0,male,0.0,0.0,7.8958,C,,,255,,,8.54,ID0999
999,3.0,1.0,female,0.0,0.0,7.75,Q,15 16,,123,,,7.76,ID1000
1000,3.0,1.0,male,0.0,0.0,7.75,Q,,,228,,,7.94,ID1001
1001,3.0,1.0,female,2.0,0.0,23.25,Q,16,,226,,,24.8,ID1002
1002,3.0,1.0,female,2.0,0.0,23.25,Q,16,,226,,,23.55,ID1003
1003,3.0,1.0,male,2.0,0.0,23.25,Q,16,,226,,,21.35,ID1004
1004,3.0,1.0,female,0.0,0.0,7.7875,Q,13,,932,,,8.54,ID1005
1005,3.0,0.0,male,0.0,0.0,15.5,Q,,,568,,,14.71,ID1006
1006,3.0,1.0,female,0.0,0.0,7.8792,Q,13,,931,,,8.21,ID1007
1007,3.0,1.0,female,0.0,0.0,8.0292,Q,,,923,,ado,8.04,ID1008
1008,3.0,0.0,female,0.0,0.0,7.75,Q,,,232,,jeune adulte,7.72,ID1009
1009,3.0,0.0,male,0.0,0.0,7.75,Q,,,372,,,7.35,ID1010
1010,3.0,0.0,male,1.0,0.0,16.1,S,,,566,,jeune adulte,16.82,ID1011
1011,3.0,0.0,female,1.0,0.0,16.1,S,,53.0,566,,jeune adulte,14.85,ID1012
1012,3.0,0.0,female,0.0,0.0,7.75,Q,,,368,,,8.51,ID1013
1013,3.0,0.0,female,0.0,0.0,8.05,S,,,087,,,8.61,ID1014
1014,3.0,0.0,female,0.0,0.0,8.05,S,,,095,,,8.11,ID1015
1015,3.0,0.0,male,0.0,0.0,8.05,S,,201.0,206,,adulte,7.93,ID1016
1016,3.0,0.0,male,0.0,0.0,7.75,Q,,,703,,,7.42,ID1017
1017,3.0,1.0,male,0.0,0.0,7.775,S,15,,501,,jeune adulte,7.78,ID1018
1018,3.0,0.0,male,0.0,0.0,8.05,S,,,306,,,8.66,ID1019
1019,3.0,0.0,male,0.0,0.0,7.8958,S,,,233,,jeune adulte,7.54,ID1020
1020,3.0,0.0,male,0.0,0.0,7.8958,S,,,211,,jeune adulte,7.9,ID1021
1021,3.0,0.0,male,0.0,0.0,7.8958,S,,,207,,jeune adulte,7.48,ID1022
1022,3.0,0.0,male,0.0,0.0,7.8958,S,,,221,,,7.64,ID1023
1023,3.0,1.0,female,0.0,0.0,7.8792,Q,16,,980,,,7.39,ID1024
1024,3.0,0.0,male,0.0,0.0,7.65,S,,309.0,123,,jeune adulte,8.4,ID1025
1025,3.0,1.0,male,0.0,1.0,12.475,S,14,,096,,enfant,12.65,ID1026
1026,3.0,1.0,female,0.0,1.0,12.475,S,14,,096,,jeune adulte,13.06,ID1027
1027,3.0,0.0,male,0.0,0.0,8.05,S,,,510,,,7.4,ID1028
1028,3.0,1.0,female,1.0,0.0,24.15,Q,16,,110,,,23.5,ID1029
1029,3.0,0.0,male,1.0,0.0,24.15,Q,,,110,,,26.05,ID1030
1030,3.0,0.0,male,0.0,0.0,8.4583,Q,,,877,,,7.76,ID1031
1031,3.0,0.0,male,0.0,0.0,8.05,S,,,506,,jeune adulte,7.51,ID1032
1032,3.0,0.0,male,0.0,0.0,7.75,Q,,,622,,,7.94,ID1033
1033,3.0,1.0,male,0.0,0.0,7.775,S,B,,991,,,7.97,ID1034
1034,3.0,1.0,male,1.0,1.0,15.2458,C,C,,661,,,16.28,ID1035
1035,3.0,1.0,male,1.0,1.0,15.2458,C,C,,661,,,16.57,ID1036
1036,3.0,1.0,female,0.0,2.0,15.2458,C,C,,661,,,14.15,ID1037
1037,3.0,1.0,female,0.0,0.0,7.2292,C,,,626,,,6.88,ID1038
1038,3.0,0.0,male,0.0,0.0,8.05,S,,,746,,,7.93,ID1039
1039,3.0,1.0,female,0.0,0.0,7.7333,Q,16,,852,,,6.96,ID1040
1040,3.0,1.0,female,0.0,0.0,7.75,Q,15,,653,,jeune adulte,7.08,ID1041
1041,3.0,0.0,male,0.0,0.0,8.05,S,,,235,,,7.61,ID1042
1042,3.0,1.0,female,1.0,0.0,15.5,Q,16,,230,,,15.44,ID1043
1043,3.0,1.0,female,1.0,0.0,15.5,Q,16,,230,,,14.73,ID1044
1044,3.0,1.0,female,0.0,0.0,15.5,Q,16,,568,,,16.67,ID1045
1045,3.0,0.0,male,0.0,0.0,7.75,S,,,078,,ado,7.48,ID1046
1046,3.0,0.0,male,0.0,0.0,7.8958,S,,,206,,jeune adulte,8.57,ID1047
1047,3.0,1.0,female,0.0,0.0,7.225,C,C,,667,,ado,7.91,ID1048
1048,3.0,1.0,female,0.0,2.0,15.7417,C,C,,653,,enfant,15.58,ID1049
1049,3.0,1.0,male,1.0,1.0,15.7417,C,C,,653,,jeune adulte,14.88,ID1050
1050,3.0,1.0,female,1.0,1.0,15.7417,C,C,,653,,jeune adulte,15.09,ID1051
1051,3.0,0.0,male,0.0,0.0,8.05,S,,,338,,jeune adulte,8.49,ID1052
1052,3.0,0.0,male,0.0,0.0,7.8958,S,,,218,,,7.54,ID1053
1053,3.0,0.0,male,0.0,0.0,7.2292,C,,,652,,,7.06,ID1054
1054,3.0,0.0,female,0.0,0.0,7.75,Q,,,237,,,7.72,ID1055
1055,3.0,0.0,male,0.0,0.0,7.8958,S,,,234,,,8.01,ID1056
1056,3.0,1.0,male,1.0,0.0,11.2417,C,C,,651,,enfant,12.36,ID1057
1057,3.0,1.0,female,1.0,0.0,11.2417,C,C,,651,,ado,10.64,ID1058
1058,3.0,0.0,female,0.0,0.0,7.925,S,,,297,,jeune adulte,7.69,ID1059
1059,3.0,0.0,male,0.0,0.0,8.05,S,,,611,,jeune adulte,7.67,ID1060
1060,3.0,1.0,female,0.0,0.0,7.775,S,D,,066,,ado,7.56,ID1061
1061,3.0,1.0,female,0.0,0.0,7.8542,S,13,,470,,jeune adulte,7.23,ID1062
1062,3.0,0.0,male,0.0,0.0,7.8542,S,,,410,,jeune adulte,7.63,ID1063
1063,3.0,0.0,male,0.0,0.0,7.125,S,,,272,ON,adulte,7.68,ID1064
1064,3.0,1.0,male,0.0,0.0,7.925,S,9,,289,,adulte,7.61,ID1065
1065,3.0,0.0,male,0.0,0.0,7.8,S,,,886,,jeune adulte,7.6,ID1066
1066,3.0,0.0,male,0.0,0.0,7.2292,C,,181.0,697,,jeune adulte,7.87,ID1067
1067,3.0,1.0,female,0.0,0.0,7.75,S,13,,081,,jeune adulte,8.1,ID1068
1068,3.0,0.0,male,0.0,0.0,6.2375,S,,,364,,senior,6.26,ID1069
1069,3.0,0.0,male,1.0,0.0,15.5,Q,,,365,,,16.36,ID1070
1070,3.0,0.0,male,0.0,0.0,7.8292,Q,,,979,,,7.24,ID1071
1071,3.0,1.0,female,1.0,0.0,15.5,Q,,,365,,,15.39,ID1072
1072,3.0,0.0,male,0.0,0.0,7.7333,Q,,,912,,,7.14,ID1073
1073,3.0,0.0,male,0.0,0.0,7.75,Q,,,060,,,7.34,ID1074
1074,3.0,0.0,male,0.0,0.0,7.75,Q,,,713,,,7.19,ID1075
1075,3.0,0.0,male,0.0,0.0,9.225,S,,,267,,jeune adulte,8.97,ID1076
1076,3.0,0.0,female,0.0,0.0,7.75,Q,,,856,,,7.57,ID1077
1077,3.0,1.0,female,0.0,0.0,7.75,Q,D,,311,,,8.44,ID1078
1078,3.0,1.0,female,0.0,0.0,7.8792,Q,,,959,,,7.51,ID1079
1079,3.0,1.0,female,0.0,0.0,7.775,S,C,,085,,jeune adulte,7.73,ID1080
1080,3.0,1.0,male,0.0,0.0,7.75,Q,B,,402,,,8.23,ID1081
1081,3.0,1.0,female,0.0,0.0,7.8292,Q,13,,919,,,8.32,ID1082
1082,3.0,1.0,male,0.0,1.0,3.1708,S,13,,368,,enfant,3.33,ID1083
1083,3.0,0.0,male,0.0,0.0,22.525,S,,173.0,001,,jeune adulte,21.57,ID1084
1084,3.0,0.0,male,0.0,1.0,8.4042,S,,,579,,adulte,8.4,ID1085
1085,3.0,0.0,male,0.0,0.0,7.3125,S,,,302,,,6.85,ID1086
1086,3.0,0.0,female,0.0,0.0,7.8542,S,,,407,,jeune adulte,7.36,ID1087
1087,3.0,0.0,male,0.0,0.0,7.8542,S,,,464,,jeune adulte,7.75,ID1088
1088,3.0,1.0,male,0.0,0.0,7.775,S,A,,079,,jeune adulte,8.15,ID1089
1089,3.0,0.0,male,0.0,0.0,9.225,S,,89.0,563,WI,jeune adulte,9.27,ID1090
1090,3.0,0.0,female,0.0,0.0,8.6625,S,,,085,,jeune adulte,9.33,ID1091
1091,3.0,0.0,female,0.0,0.0,8.6625,S,,,096,,jeune adulte,9.24,ID1092
1092,3.0,0.0,male,0.0,0.0,8.6625,S,,,094,,jeune adulte,7.85,ID1093
1093,3.0,0.0,male,0.0,0.0,9.2167,S,,,534,,ado,9.34,ID1094
1094,3.0,1.0,female,0.0,0.0,8.6833,S,,,244,,jeune adulte,8.87,ID1095
1095,3.0,0.0,female,0.0,0.0,7.6292,Q,,,909,,,8.33,ID1096
1096,3.0,0.0,male,3.0,1.0,21.075,S,,4.0,909,,enfant,19.07,ID1097
1097,3.0,0.0,male,3.0,1.0,21.075,S,,,909,,enfant,21.21,ID1098
1098,3.0,0.0,female,3.0,1.0,21.075,S,,,909,,enfant,19.83,ID1099
1099,3.0,0.0,female,3.0,1.0,21.075,S,,,909,,enfant,19.19,ID1100
1100,3.0,0.0,female,0.0,4.0,21.075,S,,206.0,909,,jeune adulte,21.44,ID1101
1101,3.0,0.0,male,4.0,1.0,39.6875,S,,,295,,enfant,41.85,ID1102
1102,3.0,0.0,male,4.0,1.0,39.6875,S,,,295,,enfant,41.87,ID1103
1103,3.0,0.0,male,4.0,1.0,39.6875,S,,,295,,enfant,35.96,ID1104
1104,3.0,0.0,male,4.0,1.0,39.6875,S,,,295,,ado,38.95,ID1105
1105,3.0,0.0,male,4.0,1.0,39.6875,S,,,295,,ado,36.07,ID1106
1106,3.0,0.0,female,0.0,5.0,39.6875,S,,,295,,adulte,37.69,ID1107
1107,3.0,0.0,male,0.0,0.0,8.6625,S,,,097,,jeune adulte,8.13,ID1108
1108,3.0,0.0,male,0.0,0.0,14.5,S,,,585,,jeune adulte,13.67,ID1109
1109,3.0,0.0,male,0.0,0.0,8.7125,C,,,411,,,8.43,ID1110
1110,3.0,0.0,male,0.0,0.0,7.8958,S,,,242,,jeune adulte,7.54,ID1111
1111,3.0,0.0,male,1.0,1.0,13.775,S,,,315,,enfant,15.05,ID1112
1112,3.0,0.0,female,1.0,1.0,13.775,S,,,315,,enfant,13.37,ID1113
1113,3.0,0.0,female,0.0,2.0,13.775,S,,,315,,jeune adulte,14.86,ID1114
1114,3.0,0.0,male,0.0,0.0,7.0,S,,,271,,,6.55,ID1115
1115,3.0,0.0,male,0.0,0.0,7.775,S,,,498,,,8.19,ID1116
1116,3.0,0.0,male,0.0,0.0,8.05,S,,,817,,,7.34,ID1117
1117,3.0,0.0,male,0.0,0.0,7.925,S,,,294,,jeune adulte,7.87,ID1118
1118,3.0,0.0,male,0.0,0.0,7.925,S,,,291,,jeune adulte,7.14,ID1119
1119,3.0,0.0,male,0.0,0.0,7.25,S,,,174,,jeune adulte,7.7,ID1120
1120,3.0,1.0,male,1.0,0.0,7.775,S,15,,083,,jeune adulte,8.48,ID1121
1121,3.0,1.0,male,1.0,1.0,22.3583,C,C,,668,,,20.28,ID1122
1122,3.0,1.0,female,1.0,1.0,22.3583,C,D,,668,,,24.3,ID1123
1123,3.0,1.0,female,0.0,2.0,22.3583,C,D,,668,,,23.58,ID1124
1124,3.0,0.0,female,0.0,0.0,8.1375,Q,,,935,,,7.91,ID1125
1125,3.0,0.0,male,0.0,0.0,8.05,S,,,441,,jeune adulte,8.71,ID1126
1126,3.0,0.0,female,0.0,0.0,7.8958,S,,,245,,jeune adulte,7.57,ID1127
1127,3.0,0.0,male,0.0,0.0,7.8958,S,,,212,,jeune adulte,7.75,ID1128
1128,3.0,0.0,male,0.0,0.0,7.8958,S,,,215,,,7.26,ID1129
1129,3.0,0.0,male,1.0,0.0,7.775,S,,,076,,jeune adulte,8.02,ID1130
1130,3.0,0.0,female,0.0,0.0,7.775,S,,,087,,ado,7.04,ID1131
1131,3.0,1.0,male,0.0,0.0,8.05,S,9,,078,,jeune adulte,8.03,ID1132
1132,3.0,0.0,male,0.0,0.0,7.8958,S,,,227,,,8.19,ID1133
1133,3.0,0.0,male,0.0,0.0,8.6625,S,,,095,,ado,9.22,ID1134
1134,3.0,0.0,male,0.0,0.0,8.6625,S,,,092,,jeune adulte,8.06,ID1135
1135,3.0,0.0,male,0.0,0.0,7.8958,S,,,223,,,8.3,ID1136
1136,3.0,0.0,female,0.0,0.0,8.1125,S,,,305,,,8.47,ID1137
1137,3.0,0.0,male,0.0,0.0,7.2292,C,,,629,,,7.32,ID1138
1138,3.0,0.0,male,0.0,0.0,7.25,S,,,316,,,7.37,ID1139
1139,3.0,0.0,male,0.0,0.0,7.8958,S,,,249,,adulte,7.25,ID1140
1140,3.0,0.0,male,0.0,0.0,8.05,S,,,684,,jeune adulte,8.21,ID1141
1141,3.0,0.0,male,4.0,1.0,29.125,Q,,,652,,enfant,28.43,ID1142
1142,3.0,0.0,male,4.0,1.0,29.125,Q,,,652,,enfant,31.27,ID1143
1143,3.0,0.0,male,4.0,1.0,29.125,Q,,,652,,enfant,28.04,ID1144
1144,3.0,0.0,male,4.0,1.0,29.125,Q,,,652,,enfant,29.57,ID1145
1145,3.0,0.0,male,4.0,1.0,29.125,Q,,,652,,enfant,28.7,ID1146
1146,3.0,0.0,female,0.0,5.0,29.125,Q,,327.0,652,,adulte,31.32,ID1147
1147,3.0,0.0,female,0.0,0.0,39.6875,S,,,295,,jeune adulte,37.73,ID1148
1148,3.0,0.0,male,0.0,0.0,7.125,S,,,273,,jeune adulte,6.52,ID1149
1149,3.0,1.0,female,0.0,0.0,7.7208,Q,13,,915,,,8.1,ID1150
1150,3.0,0.0,male,0.0,0.0,14.5,S,,,498,,,14.25,ID1151
1151,3.0,0.0,female,0.0,0.0,14.5,S,,,498,,,14.76,ID1152
1152,3.0,0.0,male,1.0,0.0,14.5,S,,119.0,337,,adulte,13.13,ID1153
1153,3.0,0.0,female,1.0,0.0,14.5,S,,7.0,337,,adulte,15.81,ID1154
1154,3.0,0.0,male,0.0,0.0,8.05,S,,,567,,,8.66,ID1155
1155,3.0,0.0,male,0.0,0.0,7.775,S,,,993,,,7.97,ID1156
1156,3.0,0.0,female,1.0,1.0,20.2125,S,,,129,,enfant,18.26,ID1157
1157,3.0,0.0,male,1.0,1.0,20.2125,S,,,129,,ado,19.72,ID1158
1158,3.0,0.0,female,0.0,2.0,20.2125,S,,,129,,adulte,22.15,ID1159
1159,3.0,1.0,female,0.0,0.0,8.05,S,C,,712,,,8.34,ID1160
1160,3.0,0.0,male,0.0,0.0,8.05,S,,,594,,adulte,7.5,ID1161
1161,3.0,0.0,male,0.0,0.0,8.05,S,,,589,,ado,7.99,ID1162
1162,3.0,1.0,male,0.0,0.0,7.75,Q,14,,162,,,8.47,ID1163
1163,3.0,0.0,male,0.0,0.0,24.15,Q,,,110,,,24.32,ID1164
1164,3.0,0.0,male,0.0,0.0,7.2292,C,,,671,,,6.54,ID1165
1165,3.0,0.0,male,0.0,0.0,7.225,C,,,672,,jeune adulte,7.4,ID1166
1166,3.0,0.0,male,0.0,0.0,7.225,C,,,676,,,6.89,ID1167
1167,3.0,0.0,male,0.0,0.0,7.7292,Q,,,655,,,7.11,ID1168
1168,3.0,0.0,male,0.0,0.0,7.575,S,,,588,,,7.43,ID1169
1169,3.0,0.0,male,0.0,0.0,7.25,S,,32.0,262,,adulte,7.33,ID1170
1170,3.0,0.0,male,8.0,2.0,69.55,S,,,343,,,62.83,ID1171
1171,3.0,0.0,male,8.0,2.0,69.55,S,,67.0,343,,ado,70.37,ID1172
1172,3.0,0.0,female,8.0,2.0,69.55,S,,,343,,,69.71,ID1173
1173,3.0,0.0,female,8.0,2.0,69.55,S,,,343,,,73.64,ID1174
1174,3.0,0.0,female,8.0,2.0,69.55,S,,,343,,,68.49,ID1175
1175,3.0,0.0,female,8.0,2.0,69.55,S,,,343,,,70.29,ID1176
1176,3.0,0.0,male,8.0,2.0,69.55,S,,,343,,,72.92,ID1177
1177,3.0,0.0,male,8.0,2.0,69.55,S,,,343,,,75.07,ID1178
1178,3.0,0.0,male,8.0,2.0,69.55,S,,,343,,,67.88,ID1179
1179,3.0,0.0,male,1.0,9.0,69.55,S,,,343,,,70.96,ID1180
1180,3.0,0.0,female,1.0,9.0,69.55,S,,,343,,,72.26,ID1181
1181,3.0,0.0,male,0.0,0.0,9.325,S,,,266,,jeune adulte,8.47,ID1182
1182,3.0,1.0,female,0.0,0.0,7.65,S,C,,120,,jeune adulte,8.11,ID1183
1183,3.0,0.0,male,0.0,0.0,7.925,S,,,296,,adulte,7.73,ID1184
1184,3.0,0.0,male,2.0,0.0,21.6792,C,,,662,,,22.42,ID1185
1185,3.0,0.0,male,2.0,0.0,21.6792,C,,,662,,,21.56,ID1186
1186,3.0,0.0,male,2.0,0.0,21.6792,C,,,662,,,22.56,ID1187
1187,3.0,1.0,female,1.0,1.0,16.7,S,13,,549,,enfant,17.45,ID1188
1188,3.0,1.0,female,0.0,2.0,16.7,S,13,,549,,jeune adulte,15.67,ID1189
1189,3.0,1.0,female,1.0,1.0,16.7,S,13,,549,,enfant,17.24,ID1190
1190,3.0,1.0,male,0.0,0.0,9.5,S,11,,768,,jeune adulte,10.17,ID1191
1191,3.0,0.0,male,0.0,0.0,8.05,S,,,151,,jeune adulte,7.62,ID1192
1192,3.0,0.0,male,0.0,0.0,8.05,S,,284.0,826,,jeune adulte,8.47,ID1193
1193,3.0,0.0,male,0.0,0.0,7.725,Q,,,209,,,7.93,ID1194
1194,3.0,0.0,male,0.0,0.0,7.8958,S,,,222,,,8.61,ID1195
1195,3.0,0.0,male,0.0,0.0,7.75,Q,,,374,,,7.38,ID1196
1196,3.0,1.0,male,0.0,0.0,9.5,S,11,,779,,jeune adulte,8.84,ID1197
1197,3.0,0.0,male,0.0,0.0,15.1,S,,,212,,,14.53,ID1198
1198,3.0,1.0,female,0.0,0.0,7.7792,Q,,,968,,,7.4,ID1199
1199,3.0,0.0,male,0.0,0.0,8.05,S,,,910,,,8.46,ID1200
1200,3.0,0.0,male,0.0,0.0,8.05,S,,,082,,,8.43,ID1201
1201,3.0,0.0,male,0.0,0.0,7.2292,C,,,669,,jeune adulte,7.47,ID1202
1202,3.0,0.0,male,0.0,0.0,8.05,S,,,092,,,7.59,ID1203
1203,3.0,0.0,male,0.0,0.0,7.8958,S,,,251,,adulte,8.47,ID1204
1204,3.0,0.0,male,0.0,0.0,7.925,S,,,280,,jeune adulte,8.65,ID1205
1205,3.0,1.0,female,0.0,0.0,7.4958,S,16,,265,,ado,7.54,ID1206
1206,3.0,0.0,male,3.0,2.0,27.9,S,,,088,,enfant,28.73,ID1207
1207,3.0,0.0,male,3.0,2.0,27.9,S,,,088,,enfant,27.9,ID1208
1208,3.0,0.0,female,3.0,2.0,27.9,S,,,088,,enfant,26.69,ID1209
1209,3.0,0.0,female,3.0,2.0,27.9,S,,,088,,enfant,26.71,ID1210
1210,3.0,0.0,male,1.0,4.0,27.9,S,,,088,,adulte,26.86,ID1211
1211,3.0,0.0,female,1.0,4.0,27.9,S,,,088,,adulte,26.17,ID1212
1212,3.0,0.0,male,0.0,0.0,7.8958,S,,,214,,,8.53,ID1213
1213,3.0,0.0,male,0.0,0.0,8.05,S,,,086,,,8.63,ID1214
1214,3.0,0.0,male,0.0,0.0,8.6625,S,,,037,,,8.6,ID1215
1215,3.0,0.0,male,0.0,0.0,7.75,Q,,,461,,,7.54,ID1216
1216,3.0,1.0,female,0.0,0.0,7.7333,Q,13,,432,,,8.41,ID1217
1217,3.0,0.0,male,0.0,0.0,7.65,S,,,124,,jeune adulte,7.23,ID1218
1218,3.0,0.0,male,0.0,0.0,8.05,S,,,509,,jeune adulte,8.14,ID1219
1219,3.0,0.0,male,0.0,0.0,8.05,S,,,236,,,7.33,ID1220
1220,3.0,0.0,male,0.0,0.0,8.05,S,,,943,,jeune adulte,7.55,ID1221
1221,3.0,0.0,male,0.0,0.0,7.8958,S,,,208,,,8.06,ID1222
1222,3.0,0.0,male,0.0,0.0,8.6625,C,,,239,,jeune adulte,8.94,ID1223
1223,3.0,1.0,female,0.0,0.0,7.55,S,C,,314,,jeune adulte,7.67,ID1224
1224,3.0,0.0,male,0.0,0.0,8.05,S,,,380,,jeune adulte,8.65,ID1225
1225,3.0,0.0,male,0.0,0.0,,S,,261.0,701,,senior,,ID1226
1226,3.0,0.0,male,0.0,0.0,7.8958,S,,,205,,jeune adulte,8.31,ID1227
1227,3.0,0.0,female,0.0,0.0,9.8375,S,,,553,,jeune adulte,9.77,ID1228
1228,3.0,1.0,male,0.0,0.0,7.925,S,9,,288,,jeune adulte,8.45,ID1229
1229,3.0,0.0,male,0.0,0.0,8.6625,S,,,083,,jeune adulte,8.0,ID1230
1230,3.0,0.0,female,0.0,1.0,10.4625,S,,,054,,enfant,10.85,ID1231
1231,3.0,0.0,female,1.0,1.0,10.4625,S,,,054,,jeune adulte,10.5,ID1232
1232,3.0,1.0,male,0.0,0.0,8.05,S,B,,089,,ado,7.53,ID1233
1233,3.0,1.0,male,0.0,0.0,7.925,S,15,,269,,adulte,8.67,ID1234
1234,3.0,0.0,male,0.0,0.0,7.05,S,,,076,,jeune adulte,6.82,ID1235
1235,3.0,0.0,male,0.0,0.0,7.775,S,,,060,,senior,7.95,ID1236
1236,3.0,1.0,male,0.0,0.0,9.225,S,13,,538,,ado,9.92,ID1237
1237,3.0,0.0,male,0.0,0.0,7.7958,S,,,035,,jeune adulte,7.81,ID1238
1238,3.0,1.0,male,0.0,0.0,7.7958,S,13 15,,033,,jeune adulte,7.2,ID1239
1239,3.0,0.0,male,0.0,0.0,8.05,S,,176.0,294,,jeune adulte,8.56,ID1240
1240,3.0,1.0,male,0.0,1.0,8.5167,C,16,,625,,enfant,8.27,ID1241
1241,3.0,0.0,male,1.0,0.0,6.4375,C,,,621,,,7.06,ID1242
1242,3.0,0.0,male,0.0,0.0,6.4375,C,,,681,,,6.93,ID1243
1243,3.0,0.0,male,0.0,0.0,7.225,C,,,684,,,7.74,ID1244
1244,3.0,1.0,female,1.0,1.0,8.5167,C,14,,625,,ado,8.27,ID1245
1245,3.0,0.0,male,0.0,0.0,8.05,S,,,302,,,8.46,ID1246
1246,3.0,0.0,male,1.0,0.0,16.1,S,,,564,,,17.67,ID1247
1247,3.0,1.0,female,1.0,0.0,16.1,S,10,,564,,,16.18,ID1248
1248,3.0,0.0,male,0.0,0.0,7.925,S,,,293,,jeune adulte,7.88,ID1249
1249,3.0,0.0,male,0.0,0.0,7.75,Q,,,121,,,7.0,ID1250
1250,3.0,0.0,male,0.0,0.0,7.8958,S,,,216,,,8.21,ID1251
1251,3.0,0.0,male,0.0,0.0,8.05,S,,50.0,499,,jeune adulte,8.63,ID1252
1252,3.0,0.0,male,0.0,0.0,8.05,S,,,511,,adulte,7.64,ID1253
1253,3.0,0.0,male,0.0,0.0,7.2292,C,,,673,,,6.96,ID1254
1254,3.0,1.0,male,0.0,0.0,0.0,S,15,,INE,,jeune adulte,0.0,ID1255
1255,3.0,0.0,male,0.0,0.0,7.2292,C,,,641,,,6.61,ID1256
1256,3.0,1.0,male,1.0,1.0,15.2458,C,C,,650,,enfant,13.99,ID1257
1257,3.0,1.0,female,1.0,1.0,15.2458,C,C,,650,,enfant,15.01,ID1258
1258,3.0,1.0,female,0.0,2.0,15.2458,C,C,,650,,jeune adulte,14.52,ID1259
1259,3.0,0.0,male,0.0,0.0,7.8958,S,,,247,,adulte,7.75,ID1260
1260,3.0,1.0,female,0.0,0.0,9.8417,S,15,,138,,ado,9.75,ID1261
1261,3.0,1.0,female,0.0,0.0,9.5875,S,15,,134,,senior,10.5,ID1262
1262,3.0,0.0,male,1.0,1.0,14.5,S,,,851,,,15.79,ID1263
1263,3.0,0.0,male,1.0,1.0,14.5,S,,1.0,851,,enfant,13.46,ID1264
1264,3.0,0.0,male,0.0,2.0,14.5,S,,255.0,851,,adulte,15.61,ID1265
1265,3.0,0.0,female,0.0,2.0,24.15,S,,,773,,enfant,22.12,ID1266
1266,3.0,0.0,male,1.0,1.0,24.15,S,,,773,,adulte,24.19,ID1267
1267,3.0,0.0,female,1.0,1.0,24.15,S,,,773,,jeune adulte,22.53,ID1268
1268,3.0,0.0,male,0.0,0.0,9.5,S,,,777,,,9.25,ID1269
1269,3.0,0.0,male,0.0,0.0,9.5,S,,,780,,jeune adulte,9.96,ID1270
1270,3.0,0.0,male,0.0,0.0,9.5,S,,,770,,jeune adulte,9.36,ID1271
1271,3.0,0.0,male,0.0,0.0,9.5,S,,,783,,jeune adulte,10.08,ID1272
1272,3.0,0.0,male,0.0,0.0,9.0,S,,,765,,adulte,9.39,ID1273
1273,3.0,0.0,female,2.0,0.0,18.0,S,,,764,,ado,19.59,ID1274
1274,3.0,0.0,male,3.0,0.0,18.0,S,,,763,,jeune adulte,18.12,ID1275
1275,3.0,0.0,male,2.0,0.0,18.0,S,,,764,,ado,19.09,ID1276
1276,3.0,0.0,female,1.0,0.0,18.0,S,,,763,,jeune adulte,17.36,ID1277
1277,3.0,1.0,male,0.0,0.0,7.225,C,13 15,,658,,jeune adulte,7.0,ID1278
1278,3.0,0.0,male,0.0,0.0,7.8542,S,,,416,,jeune adulte,7.7,ID1279
1279,3.0,0.0,female,0.0,0.0,7.8542,S,,,406,,ado,7.71,ID1280
1280,3.0,0.0,male,0.0,0.0,7.8958,S,,,252,,jeune adulte,7.27,ID1281
1281,3.0,0.0,male,0.0,0.0,9.0,S,,,767,OH,jeune adulte,9.03,ID1282
1282,3.0,0.0,male,0.0,0.0,8.05,S,,,309,,,7.4,ID1283
1283,3.0,0.0,male,0.0,0.0,7.55,S,,,867,,,8.14,ID1284
1284,3.0,0.0,male,0.0,0.0,8.05,S,,,316,,,7.34,ID1285
1285,3.0,0.0,male,0.0,0.0,9.5,S,,298.0,775,,jeune adulte,9.4,ID1286
1286,3.0,1.0,female,0.0,0.0,7.2292,C,C,,688,,adulte,6.92,ID1287
1287,3.0,0.0,male,0.0,0.0,7.75,S,,,064,,adulte,7.22,ID1288
1288,3.0,0.0,male,1.0,0.0,6.4958,S,,314.0,267,,ado,6.86,ID1289
1289,3.0,0.0,male,1.0,0.0,6.4958,S,,,266,,jeune adulte,6.78,ID1290
1290,3.0,1.0,female,1.0,0.0,7.0,S,,,272,,adulte,6.5,ID1291
1291,3.0,0.0,male,0.0,0.0,8.7125,S,,,410,,,8.94,ID1292
1292,3.0,0.0,male,0.0,0.0,7.55,S,,,751,,,7.99,ID1293
1293,3.0,0.0,male,0.0,0.0,8.05,S,,,466,,,8.49,ID1294
1294,3.0,0.0,male,0.0,0.0,16.1,S,,14.0,636,,jeune adulte,14.79,ID1295
1295,3.0,0.0,male,0.0,0.0,7.25,S,,,317,,jeune adulte,7.52,ID1296
1296,3.0,0.0,male,0.0,0.0,8.6625,S,,131.0,154,,jeune adulte,9.04,ID1297
1297,3.0,0.0,male,0.0,0.0,7.25,S,,,244,,,7.78,ID1298
1298,3.0,0.0,male,0.0,0.0,9.5,S,,,771,,adulte,9.52,ID1299
1299,3.0,0.0,male,1.0,0.0,14.4542,C,C,,659,,jeune adulte,14.34,ID1300
1300,3.0,1.0,female,1.0,0.0,14.4542,C,,,659,,ado,15.8,ID1301
1301,3.0,0.0,male,0.0,0.0,7.225,C,,312.0,628,,adulte,7.65,ID1302
1302,3.0,0.0,male,0.0,0.0,7.225,C,,,647,,,7.31,ID1303
1303,3.0,0.0,male,0.0,0.0,14.4583,C,,,627,,,13.97,ID1304
1304,3.0,0.0,female,1.0,0.0,14.4542,C,,328.0,665,,ado,15.45,ID1305
1305,3.0,0.0,female,1.0,0.0,14.4542,C,,,665,,,14.33,ID1306
1306,3.0,0.0,male,0.0,0.0,7.225,C,,304.0,656,,jeune adulte,6.64,ID1307
1307,3.0,0.0,male,0.0,0.0,7.225,C,,,670,,jeune adulte,7.16,ID1308
1308,3.0,0.0,male,0.0,0.0,7.875,S,,,082,,jeune adulte,8.46,ID1309
1309,,,,,,,,,,nan,,,,ID1310
