image_id,text,label
0,dark left_heavy top_heavy,0
1,dark right_heavy top_heavy,1
2,bright right_heavy bottom_heavy,2
3,dark right_heavy top_heavy,3
4,dark right_heavy bottom_heavy,4
5,bright right_heavy top_heavy,5
6,dark left_heavy bottom_heavy,6
7,dark right_heavy top_heavy,7
8,bright right_heavy bottom_heavy,8
9,bright right_heavy top_heavy,9
10,bright left_heavy top_heavy,0
11,dark right_heavy top_heavy,1
12,dark right_heavy bottom_heavy,2
13,bright right_heavy top_heavy,3
14,bright right_heavy bottom_heavy,4
15,bright left_heavy top_heavy,5
16,dark right_heavy bottom_heavy,6
17,bright right_heavy bottom_heavy,7
18,dark left_heavy top_heavy,8
19,dark right_heavy top_heavy,9
20,bright left_heavy top_heavy,0
21,bright right_heavy top_heavy,1
22,dark left_heavy bottom_heavy,2
23,dark right_heavy top_heavy,3
24,dark right_heavy bottom_heavy,4
25,dark left_heavy top_heavy,5
26,bright left_heavy bottom_heavy,6
27,bright right_heavy bottom_heavy,7
28,dark left_heavy bottom_heavy,8
29,bright right_heavy top_heavy,9
30,bright left_heavy bottom_heavy,0
31,dark right_heavy top_heavy,9
32,bright left_heavy top_heavy,5
33,bright left_heavy top_heavy,5
34,dark left_heavy bottom_heavy,6
35,dark left_heavy top_heavy,5
36,bright left_heavy top_heavy,0
37,dark left_heavy top_heavy,9
38,dark left_heavy top_heavy,8
39,dark right_heavy top_heavy,9
40,bright left_heavy top_heavy,8
41,bright right_heavy bottom_heavy,4
42,dark right_heavy top_heavy,1
43,dark right_heavy bottom_heavy,7
44,bright left_heavy top_heavy,7
45,dark right_heavy bottom_heavy,3
46,dark left_heavy top_heavy,5
47,dark right_heavy top_heavy,1
48,dark left_heavy top_heavy,0
49,dark right_heavy bottom_heavy,0
50,dark right_heavy bottom_heavy,2
51,dark right_heavy bottom_heavy,2
52,bright right_heavy top_heavy,7
53,dark right_heavy bottom_heavy,8
54,dark right_heavy bottom_heavy,2
55,bright right_heavy top_heavy,0
56,dark right_heavy top_heavy,1
57,dark right_heavy bottom_heavy,2
58,bright left_heavy bottom_heavy,6
59,dark right_heavy top_heavy,3
60,dark right_heavy bottom_heavy,3
61,bright right_heavy bottom_heavy,7
62,bright right_heavy top_heavy,3
63,bright right_heavy top_heavy,3
64,bright right_heavy bottom_heavy,4
65,dark left_heavy bottom_heavy,6
66,bright left_heavy bottom_heavy,6
67,dark left_heavy bottom_heavy,6
68,dark left_heavy bottom_heavy,4
69,dark left_heavy top_heavy,9
70,dark right_heavy top_heavy,1
71,dark left_heavy top_heavy,5
72,bright left_heavy top_heavy,0
73,bright right_heavy top_heavy,9
74,bright left_heavy bottom_heavy,5
75,dark right_heavy bottom_heavy,2
76,bright left_heavy top_heavy,8
77,bright right_heavy bottom_heavy,2
78,bright left_heavy top_heavy,0
79,bright left_heavy bottom_heavy,0
80,dark right_heavy top_heavy,1
81,bright right_heavy top_heavy,7
82,bright left_heavy bottom_heavy,6
83,dark right_heavy top_heavy,3
84,bright left_heavy bottom_heavy,2
85,dark right_heavy top_heavy,1
86,dark right_heavy bottom_heavy,7
87,bright left_heavy top_heavy,4
88,dark left_heavy bottom_heavy,6
89,dark right_heavy top_heavy,3
90,dark right_heavy top_heavy,1
91,bright right_heavy top_heavy,3
92,bright right_heavy top_heavy,9
93,dark right_heavy top_heavy,1
94,dark right_heavy top_heavy,7
95,bright left_heavy bottom_heavy,6
96,bright left_heavy top_heavy,8
97,dark right_heavy bottom_heavy,4
98,bright right_heavy top_heavy,3
99,dark left_heavy bottom_heavy,1
100,dark right_heavy bottom_heavy,4
101,bright left_heavy bottom_heavy,0
102,dark left_heavy top_heavy,5
103,dark right_heavy top_heavy,3
104,dark left_heavy bottom_heavy,6
105,dark right_heavy top_heavy,9
106,dark left_heavy bottom_heavy,6
107,dark right_heavy top_heavy,1
108,dark right_heavy bottom_heavy,7
109,bright left_heavy top_heavy,5
110,dark left_heavy bottom_heavy,4
111,dark left_heavy bottom_heavy,4
112,bright right_heavy top_heavy,7
113,bright right_heavy bottom_heavy,2
114,dark left_heavy top_heavy,8
115,dark right_heavy bottom_heavy,2
116,dark right_heavy bottom_heavy,2
117,dark left_heavy top_heavy,5
118,bright right_heavy top_heavy,7
119,dark right_heavy top_heavy,9
120,dark left_heavy top_heavy,5
121,bright left_heavy top_heavy,4
122,dark right_heavy top_heavy,8
123,bright right_heavy bottom_heavy,8
124,dark left_heavy bottom_heavy,4
125,dark right_heavy top_heavy,9
126,bright left_heavy bottom_heavy,0
127,dark left_heavy top_heavy,8
128,bright right_heavy top_heavy,9
129,dark left_heavy top_heavy,8
130,dark left_heavy bottom_heavy,0
131,dark right_heavy top_heavy,1
132,bright left_heavy bottom_heavy,2
133,dark right_heavy top_heavy,3
134,dark right_heavy top_heavy,4
135,bright left_heavy top_heavy,5
136,dark left_heavy bottom_heavy,6
137,dark right_heavy top_heavy,7
138,bright left_heavy top_heavy,8
139,dark right_heavy top_heavy,9
140,bright left_heavy top_heavy,0
141,dark right_heavy top_heavy,1
142,dark left_heavy top_heavy,2
143,bright right_heavy top_heavy,3
144,dark left_heavy bottom_heavy,4
145,bright left_heavy top_heavy,5
146,bright left_heavy bottom_heavy,6
147,dark right_heavy bottom_heavy,7
148,bright left_heavy bottom_heavy,8
149,bright right_heavy top_heavy,9
150,bright left_heavy bottom_heavy,0
151,dark right_heavy top_heavy,1
152,dark right_heavy top_heavy,2
153,dark right_heavy top_heavy,3
154,bright right_heavy bottom_heavy,4
155,dark left_heavy top_heavy,5
156,bright left_heavy bottom_heavy,6
157,bright left_heavy top_heavy,7
158,dark left_heavy top_heavy,8
159,dark right_heavy top_heavy,9
160,bright left_heavy top_heavy,0
161,dark right_heavy top_heavy,9
162,bright left_heavy top_heavy,5
163,bright left_heavy top_heavy,5
164,bright left_heavy bottom_heavy,6
165,dark left_heavy top_heavy,5
166,bright left_heavy bottom_heavy,0
167,dark right_heavy top_heavy,9
168,bright left_heavy top_heavy,8
169,dark right_heavy top_heavy,9
170,dark left_heavy bottom_heavy,8
171,bright left_heavy bottom_heavy,4
172,bright right_heavy top_heavy,1
173,bright right_heavy top_heavy,7
174,dark right_heavy top_heavy,7
175,dark right_heavy top_heavy,3
176,bright left_heavy top_heavy,5
177,dark right_heavy top_heavy,1
178,bright left_heavy bottom_heavy,0
179,bright right_heavy bottom_heavy,0
180,bright left_heavy top_heavy,2
181,dark left_heavy bottom_heavy,2
182,dark right_heavy top_heavy,7
183,bright right_heavy bottom_heavy,8
184,dark left_heavy bottom_heavy,2
185,bright right_heavy bottom_heavy,0
186,bright right_heavy top_heavy,1
187,bright left_heavy top_heavy,2
188,dark left_heavy bottom_heavy,6
189,dark right_heavy top_heavy,3
190,dark right_heavy bottom_heavy,3
191,dark left_heavy bottom_heavy,7
192,dark right_heavy top_heavy,3
193,dark right_heavy top_heavy,3
194,dark right_heavy bottom_heavy,4
195,bright left_heavy bottom_heavy,6
196,dark left_heavy bottom_heavy,6
197,bright left_heavy bottom_heavy,6
198,dark right_heavy bottom_heavy,4
199,bright right_heavy top_heavy,9
200,dark right_heavy bottom_heavy,1
201,bright left_heavy top_heavy,5
202,bright left_heavy bottom_heavy,0
203,bright right_heavy top_heavy,9
204,dark left_heavy top_heavy,5
205,dark right_heavy top_heavy,2
206,dark left_heavy top_heavy,8
207,dark left_heavy top_heavy,2
208,bright left_heavy bottom_heavy,0
209,bright left_heavy bottom_heavy,0
210,bright right_heavy top_heavy,1
211,dark left_heavy top_heavy,7
212,dark left_heavy bottom_heavy,6
213,dark right_heavy top_heavy,3
214,dark left_heavy bottom_heavy,2
215,dark right_heavy bottom_heavy,1
216,dark left_heavy bottom_heavy,7
217,dark right_heavy bottom_heavy,3
218,dark right_heavy top_heavy,1
219,dark right_heavy top_heavy,3
220,bright right_heavy top_heavy,9
221,bright right_heavy top_heavy,1
222,dark right_heavy top_heavy,7
223,dark left_heavy bottom_heavy,6
224,bright right_heavy bottom_heavy,8
225,bright left_heavy bottom_heavy,4
226,dark right_heavy top_heavy,3
227,bright right_heavy bottom_heavy,1
228,bright right_heavy bottom_heavy,4
229,bright left_heavy bottom_heavy,0
230,dark left_heavy top_heavy,5
231,dark right_heavy top_heavy,3
232,bright left_heavy bottom_heavy,6
233,dark right_heavy top_heavy,9
234,dark left_heavy bottom_heavy,6
235,bright right_heavy top_heavy,1
236,bright left_heavy top_heavy,7
237,dark left_heavy top_heavy,5
238,bright right_heavy bottom_heavy,4
239,bright right_heavy bottom_heavy,4
240,dark left_heavy bottom_heavy,7
241,bright left_heavy bottom_heavy,2
242,bright right_heavy bottom_heavy,8
243,bright left_heavy bottom_heavy,2
244,bright left_heavy top_heavy,2
245,dark left_heavy top_heavy,5
246,dark left_heavy top_heavy,5
247,bright right_heavy bottom_heavy,4
248,bright right_heavy bottom_heavy,8
249,bright right_heavy bottom_heavy,8
250,bright right_heavy bottom_heavy,4
251,bright right_heavy top_heavy,9
252,bright left_heavy bottom_heavy,0
253,bright right_heavy bottom_heavy,8
254,bright right_heavy top_heavy,9
255,bright left_heavy bottom_heavy,8
256,bright left_heavy top_heavy,0
257,bright left_heavy bottom_heavy,1
258,dark left_heavy bottom_heavy,2
259,dark right_heavy bottom_heavy,3
260,dark left_heavy bottom_heavy,4
261,dark right_heavy top_heavy,5
262,dark left_heavy bottom_heavy,6
263,bright right_heavy top_heavy,7
264,dark right_heavy top_heavy,8
265,dark right_heavy top_heavy,9
266,dark left_heavy top_heavy,0
267,dark right_heavy bottom_heavy,1
268,bright left_heavy bottom_heavy,2
269,bright right_heavy top_heavy,3
270,bright left_heavy bottom_heavy,4
271,dark left_heavy top_heavy,5
272,dark left_heavy bottom_heavy,6
273,dark left_heavy top_heavy,7
274,dark left_heavy top_heavy,8
275,bright left_heavy top_heavy,9
276,dark left_heavy top_heavy,0
277,bright right_heavy bottom_heavy,1
278,bright left_heavy bottom_heavy,2
279,dark right_heavy top_heavy,3
280,dark left_heavy bottom_heavy,4
281,dark left_heavy top_heavy,5
282,dark left_heavy bottom_heavy,6
283,bright right_heavy top_heavy,7
284,dark left_heavy top_heavy,8
285,dark right_heavy top_heavy,9
286,dark left_heavy top_heavy,0
287,dark right_heavy top_heavy,9
288,dark left_heavy top_heavy,5
289,dark left_heavy top_heavy,5
290,dark left_heavy bottom_heavy,6
291,dark left_heavy top_heavy,5
292,dark left_heavy top_heavy,0
293,dark right_heavy top_heavy,9
294,bright right_heavy bottom_heavy,8
295,bright right_heavy top_heavy,9
296,bright right_heavy top_heavy,8
297,dark left_heavy bottom_heavy,4
298,bright left_heavy bottom_heavy,1
299,dark left_heavy top_heavy,7
300,dark right_heavy top_heavy,7
301,bright right_heavy bottom_heavy,3
302,dark left_heavy top_heavy,5
303,bright right_heavy bottom_heavy,1
304,dark left_heavy bottom_heavy,0
305,dark left_heavy top_heavy,0
306,bright left_heavy bottom_heavy,2
307,dark left_heavy top_heavy,2
308,dark right_heavy top_heavy,7
309,bright right_heavy top_heavy,8
310,bright left_heavy bottom_heavy,2
311,dark left_heavy top_heavy,0
312,bright right_heavy bottom_heavy,1
313,bright left_heavy bottom_heavy,2
314,dark left_heavy bottom_heavy,6
315,bright right_heavy bottom_heavy,3
316,dark right_heavy top_heavy,3
317,dark right_heavy top_heavy,7
318,bright right_heavy top_heavy,3
319,bright right_heavy bottom_heavy,3
320,bright left_heavy bottom_heavy,4
321,dark left_heavy bottom_heavy,6
322,dark left_heavy bottom_heavy,6
323,dark left_heavy bottom_heavy,6
324,dark left_heavy bottom_heavy,4
325,dark right_heavy top_heavy,9
326,dark left_heavy top_heavy,1
327,bright left_heavy top_heavy,5
328,dark left_heavy top_heavy,0
329,dark left_heavy top_heavy,9
330,dark left_heavy top_heavy,5
331,bright left_heavy bottom_heavy,2
332,bright right_heavy bottom_heavy,8
333,bright left_heavy bottom_heavy,2
334,bright right_heavy top_heavy,0
335,dark left_heavy top_heavy,0
336,dark right_heavy bottom_heavy,1
337,bright right_heavy top_heavy,7
338,dark left_heavy bottom_heavy,6
339,bright right_heavy top_heavy,3
340,dark left_heavy bottom_heavy,2
341,dark right_heavy bottom_heavy,1
342,dark right_heavy bottom_heavy,7
343,bright left_heavy bottom_heavy,4
344,dark left_heavy bottom_heavy,6
345,bright right_heavy top_heavy,3
346,dark right_heavy bottom_heavy,1
347,dark right_heavy bottom_heavy,3
348,dark right_heavy top_heavy,9
349,dark left_heavy bottom_heavy,1
350,dark left_heavy top_heavy,7
351,bright left_heavy bottom_heavy,6
352,bright left_heavy top_heavy,8
353,bright left_heavy bottom_heavy,4
354,dark left_heavy bottom_heavy,3
355,dark right_heavy top_heavy,1
356,bright left_heavy top_heavy,4
357,dark left_heavy top_heavy,0
358,dark right_heavy top_heavy,5
359,dark right_heavy top_heavy,3
360,dark left_heavy bottom_heavy,6
361,dark right_heavy top_heavy,9
362,dark left_heavy bottom_heavy,6
363,bright left_heavy top_heavy,1
364,dark left_heavy bottom_heavy,7
365,bright left_heavy top_heavy,5
366,dark left_heavy bottom_heavy,4
367,dark left_heavy bottom_heavy,4
368,dark right_heavy bottom_heavy,7
369,dark left_heavy bottom_heavy,2
370,bright right_heavy top_heavy,8
371,bright left_heavy bottom_heavy,2
372,bright left_heavy bottom_heavy,2
373,dark right_heavy top_heavy,5
374,dark right_heavy bottom_heavy,7
375,dark right_heavy top_heavy,9
376,dark left_heavy top_heavy,5
377,dark left_heavy bottom_heavy,4
378,dark right_heavy top_heavy,8
379,bright right_heavy top_heavy,8
380,bright right_heavy bottom_heavy,4
381,dark right_heavy top_heavy,9
382,dark left_heavy bottom_heavy,0
383,dark left_heavy top_heavy,8
384,dark right_heavy top_heavy,9
385,dark right_heavy top_heavy,3
386,bright left_heavy bottom_heavy,0
387,bright right_heavy top_heavy,1
388,dark right_heavy bottom_heavy,2
389,dark right_heavy top_heavy,3
390,dark right_heavy bottom_heavy,4
391,bright right_heavy top_heavy,5
392,bright left_heavy bottom_heavy,6
393,dark right_heavy top_heavy,7
394,bright right_heavy top_heavy,8
395,bright right_heavy top_heavy,9
396,bright left_heavy top_heavy,0
397,bright right_heavy top_heavy,1
398,dark right_heavy bottom_heavy,2
399,bright right_heavy top_heavy,3
400,dark left_heavy bottom_heavy,4
401,bright left_heavy top_heavy,5
402,bright left_heavy bottom_heavy,6
403,dark right_heavy top_heavy,7
404,dark left_heavy top_heavy,8
405,bright right_heavy top_heavy,9
406,bright left_heavy bottom_heavy,0
407,bright right_heavy top_heavy,1
408,dark left_heavy bottom_heavy,2
409,dark right_heavy bottom_heavy,3
410,dark right_heavy bottom_heavy,4
411,bright left_heavy top_heavy,5
412,bright left_heavy bottom_heavy,6
413,dark right_heavy top_heavy,7
414,bright right_heavy bottom_heavy,8
415,bright right_heavy top_heavy,9
416,bright left_heavy top_heavy,0
417,bright right_heavy bottom_heavy,9
418,bright left_heavy top_heavy,5
419,bright left_heavy top_heavy,5
420,bright left_heavy bottom_heavy,6
421,bright right_heavy top_heavy,5
422,bright left_heavy top_heavy,0
423,bright right_heavy bottom_heavy,9
424,bright right_heavy top_heavy,8
425,bright right_heavy top_heavy,9
426,dark right_heavy top_heavy,8
427,dark right_heavy bottom_heavy,4
428,bright right_heavy top_heavy,1
429,dark right_heavy top_heavy,7
430,bright right_heavy top_heavy,7
431,bright right_heavy top_heavy,3
432,dark right_heavy top_heavy,5
433,dark right_heavy top_heavy,1
434,bright left_heavy bottom_heavy,0
435,dark left_heavy top_heavy,0
436,bright right_heavy bottom_heavy,2
437,dark right_heavy bottom_heavy,2
438,dark right_heavy top_heavy,7
439,bright right_heavy top_heavy,8
440,dark right_heavy bottom_heavy,2
441,dark left_heavy bottom_heavy,0
442,dark right_heavy bottom_heavy,1
443,dark right_heavy bottom_heavy,2
444,dark right_heavy bottom_heavy,6
445,bright right_heavy bottom_heavy,3
446,bright right_heavy bottom_heavy,3
447,dark right_heavy top_heavy,7
448,dark right_heavy bottom_heavy,3
449,dark right_heavy top_heavy,3
450,dark right_heavy bottom_heavy,4
451,bright left_heavy bottom_heavy,6
452,bright left_heavy bottom_heavy,6
453,bright left_heavy bottom_heavy,6
454,dark right_heavy bottom_heavy,4
455,bright right_heavy top_heavy,9
456,bright right_heavy top_heavy,1
457,bright right_heavy top_heavy,5
458,dark right_heavy top_heavy,0
459,bright right_heavy top_heavy,9
460,bright left_heavy top_heavy,5
461,dark right_heavy bottom_heavy,2
462,dark right_heavy top_heavy,8
463,dark left_heavy bottom_heavy,2
464,dark left_heavy bottom_heavy,0
465,bright left_heavy bottom_heavy,0
466,dark right_heavy top_heavy,1
467,dark right_heavy top_heavy,7
468,bright left_heavy bottom_heavy,6
469,dark right_heavy bottom_heavy,3
470,dark left_heavy bottom_heavy,2
471,bright right_heavy top_heavy,1
472,dark right_heavy top_heavy,7
473,dark right_heavy bottom_heavy,4
474,bright right_heavy bottom_heavy,6
475,dark right_heavy bottom_heavy,3
476,dark right_heavy top_heavy,1
477,dark right_heavy bottom_heavy,3
478,bright right_heavy top_heavy,9
479,bright right_heavy top_heavy,1
480,dark right_heavy top_heavy,7
481,bright left_heavy bottom_heavy,6
482,dark right_heavy bottom_heavy,8
483,dark right_heavy bottom_heavy,4
484,bright left_heavy bottom_heavy,3
485,bright right_heavy top_heavy,1
486,dark right_heavy bottom_heavy,4
487,dark right_heavy bottom_heavy,0
488,bright left_heavy top_heavy,5
489,dark right_heavy top_heavy,3
490,bright left_heavy bottom_heavy,6
491,bright right_heavy bottom_heavy,9
492,bright left_heavy bottom_heavy,6
493,bright right_heavy top_heavy,1
494,dark right_heavy top_heavy,7
495,bright left_heavy top_heavy,5
496,dark right_heavy bottom_heavy,4
497,dark right_heavy bottom_heavy,4
498,dark right_heavy top_heavy,7
499,dark left_heavy bottom_heavy,2
500,bright right_heavy bottom_heavy,8
501,dark left_heavy bottom_heavy,2
502,dark right_heavy bottom_heavy,2
503,dark left_heavy top_heavy,5
504,dark right_heavy top_heavy,7
505,bright right_heavy top_heavy,9
506,bright right_heavy top_heavy,5
507,dark right_heavy bottom_heavy,4
508,bright left_heavy top_heavy,8
509,bright right_heavy top_heavy,8
510,dark right_heavy bottom_heavy,4
511,bright right_heavy top_heavy,9
512,dark right_heavy top_heavy,0
513,bright right_heavy top_heavy,8
514,bright right_heavy top_heavy,9
515,bright right_heavy top_heavy,8
516,dark right_heavy top_heavy,0
517,dark right_heavy bottom_heavy,1
518,dark right_heavy bottom_heavy,2
519,dark right_heavy bottom_heavy,3
520,dark left_heavy bottom_heavy,4
521,dark left_heavy top_heavy,5
522,bright left_heavy bottom_heavy,6
523,dark left_heavy top_heavy,7
524,dark right_heavy bottom_heavy,8
525,bright right_heavy top_heavy,9
526,dark right_heavy bottom_heavy,0
527,dark left_heavy bottom_heavy,1
528,bright right_heavy top_heavy,2
529,dark right_heavy top_heavy,3
530,dark left_heavy top_heavy,4
531,bright left_heavy top_heavy,5
532,dark left_heavy bottom_heavy,6
533,dark right_heavy top_heavy,7
534,bright right_heavy bottom_heavy,8
535,bright right_heavy top_heavy,9
536,dark right_heavy top_heavy,0
537,dark left_heavy bottom_heavy,1
538,bright right_heavy top_heavy,2
539,dark right_heavy top_heavy,3
540,dark left_heavy bottom_heavy,4
541,dark left_heavy top_heavy,5
542,bright left_heavy bottom_heavy,6
543,dark right_heavy top_heavy,7
544,bright right_heavy bottom_heavy,8
545,dark right_heavy top_heavy,9
546,dark right_heavy top_heavy,0
547,bright right_heavy top_heavy,9
548,bright left_heavy top_heavy,5
549,dark right_heavy top_heavy,5
550,bright left_heavy bottom_heavy,6
551,dark right_heavy top_heavy,5
552,dark right_heavy top_heavy,0
553,bright right_heavy top_heavy,9
554,dark right_heavy bottom_heavy,8
555,bright right_heavy top_heavy,9
556,bright right_heavy bottom_heavy,8
557,dark left_heavy bottom_heavy,4
558,dark left_heavy bottom_heavy,1
559,bright right_heavy bottom_heavy,7
560,dark right_heavy top_heavy,7
561,dark right_heavy bottom_heavy,3
562,dark left_heavy top_heavy,5
563,bright left_heavy bottom_heavy,1
564,dark right_heavy top_heavy,0
565,bright right_heavy bottom_heavy,0
566,dark right_heavy top_heavy,2
567,dark right_heavy bottom_heavy,2
568,dark left_heavy top_heavy,7
569,dark right_heavy bottom_heavy,8
570,dark right_heavy top_heavy,2
571,dark right_heavy top_heavy,0
572,dark left_heavy bottom_heavy,1
573,dark right_heavy bottom_heavy,2
574,dark left_heavy bottom_heavy,6
575,dark right_heavy top_heavy,3
576,dark right_heavy top_heavy,3
577,dark right_heavy top_heavy,7
578,bright right_heavy top_heavy,3
579,dark right_heavy top_heavy,3
580,dark left_heavy bottom_heavy,4
581,dark left_heavy bottom_heavy,6
582,bright left_heavy bottom_heavy,6
583,dark left_heavy bottom_heavy,6
584,bright left_heavy bottom_heavy,4
585,dark right_heavy top_heavy,9
586,bright right_heavy bottom_heavy,1
587,dark left_heavy top_heavy,5
588,dark left_heavy top_heavy,0
589,dark right_heavy top_heavy,9
590,dark left_heavy top_heavy,5
591,bright right_heavy bottom_heavy,2
592,bright right_heavy bottom_heavy,8
593,dark left_heavy top_heavy,2
594,dark right_heavy top_heavy,0
595,dark right_heavy top_heavy,0
596,dark left_heavy bottom_heavy,1
597,dark right_heavy top_heavy,7
598,dark left_heavy bottom_heavy,6
599,dark right_heavy bottom_heavy,3
600,bright left_heavy bottom_heavy,2
601,bright right_heavy bottom_heavy,1
602,dark right_heavy top_heavy,7
603,bright left_heavy bottom_heavy,4
604,bright left_heavy bottom_heavy,6
605,dark right_heavy bottom_heavy,3
606,dark left_heavy bottom_heavy,1
607,dark right_heavy top_heavy,3
608,bright right_heavy bottom_heavy,9
609,dark right_heavy bottom_heavy,1
610,dark right_heavy bottom_heavy,7
611,bright left_heavy bottom_heavy,6
612,dark right_heavy bottom_heavy,8
613,bright left_heavy bottom_heavy,4
614,dark right_heavy top_heavy,3
615,bright right_heavy bottom_heavy,1
616,bright left_heavy bottom_heavy,4
617,dark right_heavy top_heavy,0
618,dark right_heavy top_heavy,5
619,dark right_heavy bottom_heavy,3
620,bright left_heavy bottom_heavy,6
621,dark right_heavy top_heavy,9
622,bright left_heavy bottom_heavy,6
623,bright right_heavy bottom_heavy,1
624,dark right_heavy top_heavy,7
625,dark left_heavy top_heavy,5
626,bright left_heavy bottom_heavy,4
627,bright left_heavy bottom_heavy,4
628,dark left_heavy top_heavy,7
629,bright right_heavy bottom_heavy,2
630,dark right_heavy bottom_heavy,8
631,bright right_heavy bottom_heavy,2
632,dark right_heavy bottom_heavy,2
633,dark right_heavy top_heavy,5
634,dark right_heavy top_heavy,7
635,dark right_heavy top_heavy,9
636,dark left_heavy top_heavy,5
637,bright left_heavy bottom_heavy,4
638,dark right_heavy bottom_heavy,8
639,dark right_heavy bottom_heavy,8
640,bright left_heavy bottom_heavy,4
641,dark right_heavy top_heavy,9
642,dark right_heavy top_heavy,0
643,dark right_heavy bottom_heavy,8
644,bright right_heavy top_heavy,9
645,dark right_heavy bottom_heavy,8
646,bright left_heavy bottom_heavy,0
647,bright left_heavy top_heavy,1
648,bright left_heavy bottom_heavy,2
649,bright right_heavy top_heavy,3
650,dark right_heavy bottom_heavy,4
651,dark left_heavy top_heavy,5
652,dark left_heavy bottom_heavy,6
653,dark right_heavy top_heavy,7
654,bright right_heavy top_heavy,8
655,bright right_heavy top_heavy,9
656,dark left_heavy top_heavy,0
657,bright left_heavy top_heavy,1
658,bright left_heavy bottom_heavy,2
659,bright right_heavy top_heavy,3
660,bright right_heavy bottom_heavy,4
661,dark left_heavy top_heavy,5
662,dark left_heavy bottom_heavy,6
663,dark right_heavy top_heavy,7
664,bright left_heavy top_heavy,8
665,dark right_heavy top_heavy,9
666,bright left_heavy bottom_heavy,0
667,bright left_heavy bottom_heavy,1
668,dark left_heavy bottom_heavy,2
669,bright right_heavy bottom_heavy,3
670,bright right_heavy bottom_heavy,4
671,bright left_heavy top_heavy,5
672,dark left_heavy bottom_heavy,6
673,dark right_heavy top_heavy,7
674,dark right_heavy bottom_heavy,8
675,dark right_heavy top_heavy,9
676,dark left_heavy top_heavy,0
677,dark right_heavy top_heavy,9
678,bright left_heavy bottom_heavy,5
679,dark left_heavy top_heavy,5
680,bright left_heavy bottom_heavy,6
681,bright left_heavy top_heavy,5
682,bright right_heavy bottom_heavy,0
683,bright right_heavy top_heavy,9
684,bright left_heavy top_heavy,8
685,dark right_heavy top_heavy,9
686,bright left_heavy top_heavy,8
687,bright right_heavy top_heavy,4
688,bright right_heavy top_heavy,1
689,bright right_heavy top_heavy,7
690,dark right_heavy top_heavy,7
691,dark right_heavy top_heavy,3
692,dark left_heavy top_heavy,5
693,bright right_heavy top_heavy,1
694,bright right_heavy bottom_heavy,0
695,dark left_heavy top_heavy,0
696,bright right_heavy top_heavy,2
697,dark right_heavy top_heavy,2
698,dark right_heavy top_heavy,7
699,dark left_heavy top_heavy,8
700,bright right_heavy top_heavy,2
701,bright right_heavy bottom_heavy,0
702,bright right_heavy top_heavy,1
703,dark right_heavy top_heavy,2
704,dark left_heavy bottom_heavy,6
705,bright right_heavy top_heavy,3
706,bright right_heavy top_heavy,3
707,dark right_heavy top_heavy,7
708,dark right_heavy top_heavy,3
709,bright right_heavy top_heavy,3
710,dark right_heavy top_heavy,4
711,dark left_heavy bottom_heavy,6
712,dark left_heavy bottom_heavy,6
713,dark left_heavy bottom_heavy,6
714,dark right_heavy bottom_heavy,4
715,dark right_heavy top_heavy,9
716,bright left_heavy top_heavy,1
717,bright left_heavy bottom_heavy,5
718,bright right_heavy bottom_heavy,0
719,dark right_heavy top_heavy,9
720,bright right_heavy top_heavy,5
721,bright right_heavy top_heavy,2
722,bright right_heavy bottom_heavy,8
723,bright left_heavy top_heavy,2
724,bright right_heavy bottom_heavy,0
725,dark left_heavy bottom_heavy,0
726,dark right_heavy top_heavy,1
727,dark right_heavy top_heavy,7
728,dark left_heavy bottom_heavy,6
729,bright right_heavy top_heavy,3
730,dark left_heavy bottom_heavy,2
731,bright left_heavy top_heavy,1
732,bright right_heavy top_heavy,7
733,bright right_heavy bottom_heavy,4
734,dark left_heavy bottom_heavy,6
735,dark right_heavy top_heavy,3
736,bright left_heavy top_heavy,1
737,dark right_heavy bottom_heavy,3
738,dark right_heavy top_heavy,9
739,bright left_heavy top_heavy,1
740,bright right_heavy top_heavy,7
741,dark left_heavy bottom_heavy,6
742,bright left_heavy top_heavy,8
743,bright left_heavy bottom_heavy,4
744,dark right_heavy bottom_heavy,3
745,bright left_heavy top_heavy,1
746,dark left_heavy top_heavy,4
747,bright left_heavy top_heavy,0
748,bright left_heavy bottom_heavy,5
749,bright right_heavy bottom_heavy,3
750,dark left_heavy bottom_heavy,6
751,dark right_heavy top_heavy,9
752,dark left_heavy bottom_heavy,6
753,bright left_heavy top_heavy,1
754,bright right_heavy top_heavy,7
755,dark left_heavy top_heavy,5
756,bright left_heavy bottom_heavy,4
757,bright right_heavy top_heavy,4
758,bright right_heavy top_heavy,7
759,dark left_heavy top_heavy,2
760,bright left_heavy top_heavy,8
761,bright left_heavy top_heavy,2
762,dark left_heavy bottom_heavy,2
763,dark left_heavy top_heavy,5
764,dark right_heavy top_heavy,7
765,dark right_heavy top_heavy,9
766,dark left_heavy top_heavy,5
767,bright right_heavy bottom_heavy,4
768,bright right_heavy top_heavy,8
769,dark left_heavy top_heavy,8
770,dark left_heavy top_heavy,4
771,bright right_heavy top_heavy,9
772,dark right_heavy top_heavy,0
773,bright left_heavy top_heavy,8
774,bright right_heavy top_heavy,9
775,bright left_heavy top_heavy,8
776,dark left_heavy top_heavy,0
777,dark left_heavy top_heavy,1
778,dark left_heavy bottom_heavy,2
779,dark left_heavy bottom_heavy,3
780,dark left_heavy bottom_heavy,4
781,dark left_heavy top_heavy,5
782,dark left_heavy bottom_heavy,6
783,dark right_heavy top_heavy,7
784,bright left_heavy bottom_heavy,8
785,dark right_heavy top_heavy,9
786,bright left_heavy top_heavy,0
787,dark right_heavy top_heavy,1
788,bright left_heavy bottom_heavy,2
789,dark right_heavy bottom_heavy,3
790,bright left_heavy bottom_heavy,4
791,dark left_heavy top_heavy,5
792,bright left_heavy bottom_heavy,6
793,dark right_heavy top_heavy,7
794,dark right_heavy bottom_heavy,8
795,dark right_heavy top_heavy,9
796,dark left_heavy top_heavy,0
797,dark right_heavy bottom_heavy,1
798,dark left_heavy bottom_heavy,2
799,dark right_heavy bottom_heavy,3
800,dark left_heavy bottom_heavy,4
801,dark left_heavy top_heavy,5
802,bright left_heavy bottom_heavy,6
803,dark right_heavy top_heavy,7
804,bright left_heavy top_heavy,8
805,bright right_heavy top_heavy,9
806,dark left_heavy bottom_heavy,0
807,dark right_heavy top_heavy,9
808,dark left_heavy top_heavy,5
809,dark left_heavy top_heavy,5
810,bright left_heavy bottom_heavy,6
811,dark left_heavy top_heavy,5
812,dark left_heavy top_heavy,0
813,dark right_heavy top_heavy,9
814,bright right_heavy top_heavy,8
815,dark right_heavy top_heavy,9
816,bright right_heavy top_heavy,8
817,dark left_heavy bottom_heavy,4
818,bright left_heavy bottom_heavy,1
819,dark left_heavy top_heavy,7
820,dark right_heavy top_heavy,7
821,dark right_heavy bottom_heavy,3
822,bright left_heavy top_heavy,5
823,bright left_heavy top_heavy,1
824,bright left_heavy top_heavy,0
825,bright right_heavy top_heavy,0
826,dark left_heavy top_heavy,2
827,bright left_heavy bottom_heavy,2
828,dark left_heavy bottom_heavy,7
829,dark right_heavy top_heavy,8
830,dark left_heavy bottom_heavy,2
831,bright left_heavy bottom_heavy,0
832,dark left_heavy bottom_heavy,1
833,bright left_heavy bottom_heavy,2
834,bright left_heavy bottom_heavy,6
835,dark right_heavy bottom_heavy,3
836,bright right_heavy bottom_heavy,3
837,dark right_heavy top_heavy,7
838,bright right_heavy top_heavy,3
839,bright right_heavy bottom_heavy,3
840,bright left_heavy bottom_heavy,4
841,bright left_heavy bottom_heavy,6
842,bright left_heavy bottom_heavy,6
843,dark left_heavy bottom_heavy,6
844,dark left_heavy bottom_heavy,4
845,bright right_heavy top_heavy,9
846,bright right_heavy top_heavy,1
847,dark left_heavy top_heavy,5
848,bright left_heavy top_heavy,0
849,bright right_heavy top_heavy,9
850,dark left_heavy top_heavy,5
851,bright left_heavy bottom_heavy,2
852,bright right_heavy top_heavy,8
853,dark left_heavy bottom_heavy,2
854,bright left_heavy top_heavy,0
855,dark left_heavy bottom_heavy,0
856,bright left_heavy bottom_heavy,1
857,dark right_heavy top_heavy,7
858,bright left_heavy bottom_heavy,6
859,dark right_heavy top_heavy,3
860,bright right_heavy bottom_heavy,2
861,bright left_heavy top_heavy,1
862,dark right_heavy top_heavy,7
863,bright right_heavy bottom_heavy,4
864,bright left_heavy bottom_heavy,6
865,dark right_heavy bottom_heavy,3
866,dark left_heavy bottom_heavy,1
867,dark right_heavy top_heavy,3
868,dark right_heavy top_heavy,9
869,dark left_heavy top_heavy,1
870,dark left_heavy top_heavy,7
871,dark left_heavy bottom_heavy,6
872,dark left_heavy bottom_heavy,8
873,bright left_heavy bottom_heavy,4
874,dark right_heavy bottom_heavy,3
875,dark left_heavy bottom_heavy,1
876,dark left_heavy bottom_heavy,4
877,dark left_heavy top_heavy,0
878,bright left_heavy top_heavy,5
879,dark right_heavy top_heavy,3
880,dark left_heavy bottom_heavy,6
881,bright right_heavy top_heavy,9
882,dark left_heavy bottom_heavy,6
883,bright right_heavy top_heavy,1
884,dark right_heavy bottom_heavy,7
885,bright left_heavy top_heavy,5
886,dark left_heavy bottom_heavy,4
887,dark left_heavy bottom_heavy,4
888,dark right_heavy bottom_heavy,7
889,dark left_heavy bottom_heavy,2
890,bright right_heavy top_heavy,8
891,dark right_heavy top_heavy,2
892,dark left_heavy top_heavy,2
893,bright left_heavy top_heavy,5
894,dark right_heavy top_heavy,7
895,bright right_heavy top_heavy,9
896,dark left_heavy top_heavy,5
897,dark left_heavy bottom_heavy,4
898,bright right_heavy top_heavy,8
899,bright left_heavy top_heavy,8
900,bright left_heavy bottom_heavy,4
901,dark right_heavy top_heavy,9
902,dark right_heavy bottom_heavy,0
903,bright right_heavy top_heavy,8
904,bright right_heavy top_heavy,9
905,dark left_heavy bottom_heavy,8
906,dark left_heavy bottom_heavy,1
907,bright left_heavy bottom_heavy,2
908,dark right_heavy bottom_heavy,3
909,bright right_heavy bottom_heavy,4
910,dark left_heavy top_heavy,5
911,dark left_heavy bottom_heavy,6
912,bright right_heavy top_heavy,7
913,bright right_heavy top_heavy,8
914,dark right_heavy top_heavy,9
915,dark left_heavy top_heavy,0
916,bright left_heavy bottom_heavy,1
917,bright left_heavy bottom_heavy,2
918,dark right_heavy bottom_heavy,3
919,bright right_heavy bottom_heavy,4
920,dark left_heavy top_heavy,5
921,dark left_heavy bottom_heavy,6
922,dark right_heavy top_heavy,7
923,bright left_heavy top_heavy,8
924,bright right_heavy top_heavy,9
925,dark left_heavy top_heavy,0
926,dark left_heavy bottom_heavy,1
927,bright left_heavy bottom_heavy,2
928,bright right_heavy top_heavy,3
929,bright right_heavy bottom_heavy,4
930,dark right_heavy bottom_heavy,5
931,dark left_heavy bottom_heavy,6
932,bright right_heavy top_heavy,7
933,bright left_heavy bottom_heavy,8
934,dark right_heavy top_heavy,9
935,dark left_heavy top_heavy,0
936,bright right_heavy top_heavy,9
937,dark left_heavy top_heavy,5
938,dark right_heavy top_heavy,5
939,dark left_heavy bottom_heavy,6
940,dark left_heavy top_heavy,5
941,dark left_heavy top_heavy,0
942,bright right_heavy top_heavy,9
943,bright left_heavy bottom_heavy,8
944,dark right_heavy top_heavy,9
945,dark right_heavy top_heavy,8
946,dark right_heavy bottom_heavy,4
947,dark right_heavy bottom_heavy,1
948,bright left_heavy top_heavy,7
949,dark right_heavy top_heavy,7
950,bright right_heavy bottom_heavy,3
951,bright left_heavy top_heavy,5
952,dark right_heavy bottom_heavy,1
953,bright right_heavy bottom_heavy,2
954,bright right_heavy top_heavy,7
955,dark right_heavy bottom_heavy,8
956,bright right_heavy bottom_heavy,2
957,dark left_heavy bottom_heavy,0
958,dark right_heavy bottom_heavy,1
959,dark right_heavy bottom_heavy,2
960,dark left_heavy bottom_heavy,6
961,dark right_heavy bottom_heavy,3
962,dark right_heavy bottom_heavy,3
963,bright right_heavy top_heavy,7
964,dark right_heavy bottom_heavy,3
965,bright right_heavy bottom_heavy,3
966,dark right_heavy bottom_heavy,4
967,dark left_heavy bottom_heavy,6
968,dark left_heavy bottom_heavy,6
969,dark left_heavy bottom_heavy,6
970,bright right_heavy bottom_heavy,4
971,dark right_heavy top_heavy,9
972,dark right_heavy bottom_heavy,1
973,dark left_heavy top_heavy,5
974,dark left_heavy top_heavy,0
975,dark right_heavy top_heavy,9
976,dark left_heavy top_heavy,5
977,bright right_heavy bottom_heavy,2
978,bright right_heavy top_heavy,8
979,bright right_heavy bottom_heavy,2
980,dark left_heavy top_heavy,0
981,dark left_heavy bottom_heavy,0
982,dark right_heavy bottom_heavy,1
983,dark right_heavy top_heavy,7
984,dark left_heavy bottom_heavy,6
985,bright right_heavy bottom_heavy,3
986,bright left_heavy bottom_heavy,2
987,dark left_heavy bottom_heavy,1
988,bright left_heavy bottom_heavy,4
989,dark left_heavy bottom_heavy,6
990,dark right_heavy bottom_heavy,3
991,dark right_heavy bottom_heavy,1
992,bright right_heavy bottom_heavy,3
993,dark right_heavy top_heavy,9
994,dark right_heavy bottom_heavy,1
995,bright right_heavy top_heavy,7
996,dark left_heavy bottom_heavy,6
997,bright right_heavy top_heavy,8
998,dark right_heavy top_heavy,4
999,dark right_heavy bottom_heavy,3
1000,dark right_heavy bottom_heavy,1
1001,dark right_heavy bottom_heavy,4
1002,dark left_heavy top_heavy,0
1003,dark left_heavy top_heavy,5
1004,bright right_heavy bottom_heavy,3
1005,dark left_heavy bottom_heavy,6
1006,bright right_heavy top_heavy,9
1007,dark left_heavy bottom_heavy,6
1008,dark left_heavy bottom_heavy,1
1009,bright right_heavy top_heavy,7
1010,dark right_heavy top_heavy,5
1011,bright right_heavy bottom_heavy,4
1012,bright right_heavy top_heavy,4
1013,bright right_heavy top_heavy,7
1014,dark right_heavy bottom_heavy,2
1015,bright left_heavy bottom_heavy,8
1016,dark right_heavy bottom_heavy,2
1017,bright left_heavy bottom_heavy,2
1018,dark right_heavy top_heavy,5
1019,bright right_heavy top_heavy,7
1020,dark right_heavy top_heavy,9
1021,bright left_heavy top_heavy,5
1022,bright right_heavy top_heavy,4
1023,bright left_heavy bottom_heavy,4
1024,dark right_heavy top_heavy,9
1025,dark left_heavy top_heavy,0
1026,dark right_heavy top_heavy,8
1027,bright right_heavy top_heavy,9
1028,bright right_heavy bottom_heavy,8
1029,dark left_heavy bottom_heavy,0
1030,bright right_heavy top_heavy,1
1031,bright left_heavy bottom_heavy,2
1032,dark right_heavy top_heavy,3
1033,bright right_heavy top_heavy,4
1034,bright left_heavy top_heavy,5
1035,dark left_heavy bottom_heavy,6
1036,dark right_heavy top_heavy,7
1037,bright right_heavy top_heavy,8
1038,dark right_heavy top_heavy,9
1039,dark left_heavy bottom_heavy,0
1040,bright right_heavy bottom_heavy,1
1041,bright right_heavy bottom_heavy,2
1042,dark right_heavy top_heavy,3
1043,bright right_heavy top_heavy,4
1044,bright left_heavy top_heavy,5
1045,dark left_heavy bottom_heavy,6
1046,bright right_heavy top_heavy,7
1047,dark left_heavy top_heavy,8
1048,dark right_heavy top_heavy,9
1049,dark right_heavy bottom_heavy,0
1050,dark left_heavy bottom_heavy,1
1051,bright right_heavy bottom_heavy,2
1052,dark right_heavy top_heavy,3
1053,dark right_heavy top_heavy,4
1054,dark right_heavy top_heavy,5
1055,dark left_heavy bottom_heavy,6
1056,dark left_heavy top_heavy,7
1057,bright left_heavy top_heavy,8
1058,dark right_heavy top_heavy,9
1059,dark left_heavy bottom_heavy,0
1060,dark right_heavy top_heavy,9
1061,dark left_heavy top_heavy,5
1062,dark left_heavy top_heavy,5
1063,dark right_heavy bottom_heavy,6
1064,dark left_heavy top_heavy,5
1065,dark left_heavy bottom_heavy,0
1066,dark right_heavy top_heavy,9
1067,bright left_heavy bottom_heavy,8
1068,dark right_heavy top_heavy,9
1069,bright right_heavy top_heavy,8
1070,bright right_heavy top_heavy,4
1071,bright left_heavy bottom_heavy,1
1072,dark right_heavy top_heavy,7
1073,dark right_heavy top_heavy,7
1074,dark right_heavy top_heavy,3
1075,bright left_heavy top_heavy,5
1076,dark left_heavy top_heavy,1
1077,dark right_heavy bottom_heavy,0
1078,dark right_heavy bottom_heavy,0
1079,dark right_heavy top_heavy,7
1080,dark left_heavy top_heavy,8
1081,bright right_heavy bottom_heavy,2
1082,bright right_heavy bottom_heavy,0
1083,bright left_heavy top_heavy,1
1084,dark right_heavy bottom_heavy,2
1085,bright left_heavy bottom_heavy,6
1086,bright right_heavy top_heavy,3
1087,bright right_heavy top_heavy,3
1088,bright left_heavy top_heavy,7
1089,bright right_heavy top_heavy,3
1090,bright right_heavy top_heavy,3
1091,bright right_heavy top_heavy,4
1092,dark left_heavy bottom_heavy,6
1093,dark left_heavy bottom_heavy,6
1094,bright left_heavy bottom_heavy,6
1095,dark left_heavy top_heavy,4
1096,dark right_heavy top_heavy,9
1097,dark left_heavy top_heavy,1
1098,dark right_heavy top_heavy,5
1099,dark left_heavy bottom_heavy,0
1100,dark left_heavy top_heavy,9
1101,dark left_heavy top_heavy,5
1102,dark right_heavy bottom_heavy,2
1103,dark left_heavy top_heavy,8
1104,bright right_heavy bottom_heavy,2
1105,bright right_heavy bottom_heavy,0
1106,bright left_heavy bottom_heavy,0
1107,dark left_heavy top_heavy,1
1108,dark left_heavy top_heavy,7
1109,bright left_heavy bottom_heavy,6
1110,dark right_heavy top_heavy,3
1111,bright right_heavy bottom_heavy,2
1112,dark right_heavy bottom_heavy,1
1113,bright left_heavy top_heavy,7
1114,dark right_heavy top_heavy,4
1115,dark left_heavy bottom_heavy,6
1116,dark right_heavy top_heavy,3
1117,bright left_heavy top_heavy,1
1118,dark right_heavy top_heavy,3
1119,dark right_heavy top_heavy,9
1120,dark right_heavy bottom_heavy,1
1121,bright left_heavy top_heavy,7
1122,dark left_heavy bottom_heavy,6
1123,dark left_heavy top_heavy,8
1124,dark left_heavy top_heavy,4
1125,dark right_heavy top_heavy,3
1126,dark left_heavy top_heavy,1
1127,dark left_heavy bottom_heavy,4
1128,dark left_heavy bottom_heavy,0
1129,dark left_heavy top_heavy,5
1130,bright right_heavy top_heavy,3
1131,bright left_heavy bottom_heavy,6
1132,bright right_heavy top_heavy,9
1133,dark left_heavy bottom_heavy,6
1134,dark left_heavy top_heavy,1
1135,bright right_heavy top_heavy,7
1136,dark left_heavy top_heavy,5
1137,dark right_heavy bottom_heavy,4
1138,dark right_heavy top_heavy,4
1139,dark left_heavy top_heavy,7
1140,dark left_heavy bottom_heavy,2
1141,dark left_heavy top_heavy,8
1142,bright right_heavy bottom_heavy,2
1143,bright right_heavy bottom_heavy,2
1144,bright left_heavy top_heavy,5
1145,dark left_heavy top_heavy,7
1146,dark right_heavy top_heavy,9
1147,dark left_heavy top_heavy,5
1148,dark right_heavy bottom_heavy,4
1149,dark left_heavy top_heavy,8
1150,bright right_heavy top_heavy,8
1151,dark left_heavy top_heavy,4
1152,dark right_heavy bottom_heavy,9
1153,dark left_heavy bottom_heavy,0
1154,dark left_heavy bottom_heavy,8
1155,dark right_heavy top_heavy,9
1156,bright left_heavy top_heavy,8
1157,dark left_heavy top_heavy,0
1158,dark right_heavy top_heavy,1
1159,dark left_heavy bottom_heavy,2
1160,bright right_heavy top_heavy,3
1161,dark left_heavy bottom_heavy,4
1162,dark left_heavy bottom_heavy,5
1163,dark left_heavy bottom_heavy,6
1164,dark left_heavy top_heavy,7
1165,dark left_heavy top_heavy,8
1166,bright right_heavy top_heavy,9
1167,dark left_heavy top_heavy,0
1168,dark right_heavy top_heavy,1
1169,bright right_heavy bottom_heavy,2
1170,bright right_heavy top_heavy,3
1171,bright right_heavy bottom_heavy,4
1172,bright left_heavy bottom_heavy,5
1173,bright left_heavy bottom_heavy,6
1174,dark right_heavy top_heavy,7
1175,dark left_heavy top_heavy,8
1176,bright right_heavy top_heavy,9
1177,dark left_heavy top_heavy,0
1178,dark left_heavy top_heavy,1
1179,dark right_heavy bottom_heavy,2
1180,dark right_heavy top_heavy,3
1181,dark left_heavy bottom_heavy,4
1182,dark left_heavy top_heavy,5
1183,dark left_heavy bottom_heavy,6
1184,dark right_heavy top_heavy,7
1185,bright left_heavy top_heavy,8
1186,bright right_heavy top_heavy,9
1187,dark left_heavy top_heavy,0
1188,dark right_heavy top_heavy,9
1189,bright left_heavy top_heavy,5
1190,bright left_heavy top_heavy,5
1191,bright left_heavy bottom_heavy,6
1192,dark left_heavy top_heavy,5
1193,bright left_heavy bottom_heavy,0
1194,dark right_heavy top_heavy,9
1195,dark left_heavy top_heavy,8
1196,dark right_heavy top_heavy,9
1197,dark left_heavy top_heavy,8
1198,bright right_heavy bottom_heavy,4
1199,bright right_heavy top_heavy,1
1200,dark left_heavy top_heavy,7
1201,dark left_heavy top_heavy,7
1202,dark right_heavy top_heavy,3
1203,bright right_heavy bottom_heavy,5
1204,dark right_heavy top_heavy,1
1205,bright left_heavy top_heavy,0
1206,bright left_heavy top_heavy,0
1207,bright right_heavy bottom_heavy,2
1208,dark left_heavy bottom_heavy,2
1209,dark right_heavy top_heavy,7
1210,dark left_heavy top_heavy,8
1211,bright left_heavy bottom_heavy,2
1212,dark left_heavy top_heavy,0
1213,dark left_heavy top_heavy,1
1214,bright left_heavy bottom_heavy,2
1215,bright left_heavy bottom_heavy,6
1216,dark right_heavy top_heavy,3
1217,dark right_heavy top_heavy,3
1218,dark left_heavy top_heavy,7
1219,dark right_heavy top_heavy,3
1220,bright right_heavy top_heavy,3
1221,dark left_heavy bottom_heavy,4
1222,dark left_heavy bottom_heavy,6
1223,bright left_heavy bottom_heavy,6
1224,bright left_heavy bottom_heavy,6
1225,dark right_heavy bottom_heavy,4
1226,bright right_heavy top_heavy,9
1227,dark left_heavy top_heavy,1
1228,dark left_heavy top_heavy,5
1229,dark left_heavy top_heavy,0
1230,bright right_heavy top_heavy,9
1231,dark left_heavy top_heavy,5
1232,bright right_heavy bottom_heavy,2
1233,dark left_heavy top_heavy,8
1234,bright right_heavy bottom_heavy,2
1235,dark left_heavy top_heavy,0
1236,dark left_heavy top_heavy,0
1237,dark left_heavy top_heavy,1
1238,dark left_heavy top_heavy,7
1239,dark right_heavy bottom_heavy,6
1240,bright right_heavy top_heavy,3
1241,dark left_heavy bottom_heavy,2
1242,dark left_heavy top_heavy,1
1243,dark left_heavy top_heavy,7
1244,dark right_heavy bottom_heavy,4
1245,dark left_heavy bottom_heavy,6
1246,dark right_heavy top_heavy,3
1247,dark left_heavy top_heavy,1
1248,bright right_heavy top_heavy,3
1249,dark right_heavy top_heavy,9
1250,dark left_heavy top_heavy,1
1251,dark left_heavy top_heavy,7
1252,dark left_heavy bottom_heavy,6
1253,dark left_heavy top_heavy,8
1254,bright right_heavy bottom_heavy,4
1255,dark right_heavy top_heavy,3
1256,dark left_heavy top_heavy,1
1257,bright left_heavy bottom_heavy,4
1258,dark left_heavy top_heavy,0
1259,dark left_heavy top_heavy,5
1260,bright right_heavy top_heavy,3
1261,bright left_heavy bottom_heavy,6
1262,bright right_heavy top_heavy,9
1263,bright left_heavy bottom_heavy,6
1264,dark left_heavy top_heavy,1
1265,dark left_heavy top_heavy,7
1266,dark left_heavy top_heavy,5
1267,dark right_heavy bottom_heavy,4
1268,dark left_heavy bottom_heavy,4
1269,dark right_heavy top_heavy,7
1270,dark left_heavy bottom_heavy,2
1271,bright left_heavy top_heavy,8
1272,dark left_heavy bottom_heavy,2
1273,bright right_heavy top_heavy,2
1274,dark left_heavy top_heavy,5
1275,dark right_heavy top_heavy,7
1276,bright right_heavy top_heavy,9
1277,dark left_heavy top_heavy,5
1278,dark right_heavy bottom_heavy,4
1279,bright left_heavy top_heavy,8
1280,bright left_heavy top_heavy,8
1281,dark left_heavy bottom_heavy,4
1282,bright right_heavy top_heavy,9
1283,dark left_heavy top_heavy,0
1284,bright left_heavy top_heavy,8
1285,dark right_heavy top_heavy,9
1286,bright left_heavy top_heavy,8
1287,dark right_heavy bottom_heavy,0
1288,dark right_heavy top_heavy,1
1289,dark right_heavy bottom_heavy,2
1290,bright right_heavy top_heavy,3
1291,dark right_heavy bottom_heavy,4
1292,bright right_heavy top_heavy,5
1293,bright right_heavy bottom_heavy,6
1294,bright left_heavy top_heavy,7
1295,bright left_heavy top_heavy,8
1296,bright right_heavy top_heavy,9
1297,dark left_heavy top_heavy,0
1298,dark right_heavy top_heavy,1
1299,dark right_heavy bottom_heavy,2
1300,dark right_heavy top_heavy,3
1301,dark left_heavy bottom_heavy,4
1302,dark left_heavy top_heavy,5
1303,bright right_heavy bottom_heavy,6
1304,dark right_heavy top_heavy,7
1305,bright left_heavy top_heavy,8
1306,dark right_heavy top_heavy,9
1307,dark left_heavy top_heavy,0
1308,dark right_heavy top_heavy,1
1309,dark right_heavy bottom_heavy,2
1310,bright right_heavy top_heavy,3
1311,dark left_heavy bottom_heavy,4
1312,dark left_heavy top_heavy,5
1313,bright left_heavy bottom_heavy,6
1314,dark right_heavy top_heavy,7
1315,bright left_heavy top_heavy,8
1316,dark right_heavy top_heavy,9
1317,bright left_heavy bottom_heavy,0
1318,dark right_heavy top_heavy,9
1319,bright left_heavy top_heavy,5
1320,bright left_heavy bottom_heavy,5
1321,bright left_heavy bottom_heavy,6
1322,dark left_heavy top_heavy,5
1323,bright left_heavy bottom_heavy,0
1324,dark right_heavy top_heavy,9
1325,bright right_heavy top_heavy,8
1326,dark right_heavy top_heavy,9
1327,bright left_heavy top_heavy,8
1328,dark right_heavy bottom_heavy,4
1329,dark left_heavy bottom_heavy,1
1330,dark right_heavy top_heavy,7
1331,dark right_heavy top_heavy,7
1332,bright right_heavy top_heavy,3
1333,dark left_heavy top_heavy,5
1334,dark right_heavy bottom_heavy,1
1335,bright left_heavy top_heavy,0
1336,bright left_heavy top_heavy,0
1337,dark right_heavy bottom_heavy,2
1338,dark right_heavy bottom_heavy,2
1339,dark right_heavy top_heavy,7
1340,bright left_heavy top_heavy,8
1341,dark right_heavy bottom_heavy,2
1342,bright left_heavy bottom_heavy,0
1343,dark right_heavy top_heavy,1
1344,bright right_heavy top_heavy,2
1345,bright left_heavy bottom_heavy,6
1346,dark right_heavy top_heavy,3
1347,bright right_heavy top_heavy,3
1348,bright left_heavy top_heavy,7
1349,bright right_heavy top_heavy,3
1350,bright right_heavy top_heavy,3
1351,dark right_heavy bottom_heavy,4
1352,bright left_heavy bottom_heavy,6
1353,bright left_heavy bottom_heavy,6
1354,bright left_heavy bottom_heavy,6
1355,dark left_heavy bottom_heavy,4
1356,dark right_heavy top_heavy,9
1357,dark right_heavy bottom_heavy,1
1358,bright left_heavy bottom_heavy,5
1359,dark left_heavy top_heavy,0
1360,dark right_heavy top_heavy,9
1361,dark left_heavy bottom_heavy,5
1362,dark right_heavy bottom_heavy,2
1363,bright left_heavy top_heavy,8
1364,dark right_heavy bottom_heavy,2
1365,dark left_heavy top_heavy,0
1366,bright left_heavy top_heavy,0
1367,dark right_heavy top_heavy,1
1368,dark left_heavy top_heavy,7
1369,dark left_heavy bottom_heavy,6
1370,dark right_heavy bottom_heavy,3
1371,dark right_heavy bottom_heavy,2
1372,dark right_heavy bottom_heavy,1
1373,dark left_heavy bottom_heavy,7
1374,bright left_heavy bottom_heavy,4
1375,bright left_heavy bottom_heavy,6
1376,dark right_heavy top_heavy,3
1377,dark right_heavy top_heavy,1
1378,dark right_heavy bottom_heavy,3
1379,bright right_heavy top_heavy,9
1380,dark left_heavy bottom_heavy,1
1381,bright right_heavy top_heavy,7
1382,dark right_heavy bottom_heavy,6
1383,dark left_heavy top_heavy,8
1384,dark right_heavy bottom_heavy,4
1385,bright right_heavy top_heavy,3
1386,dark left_heavy top_heavy,1
1387,dark left_heavy bottom_heavy,4
1388,bright left_heavy top_heavy,0
1389,dark left_heavy bottom_heavy,5
1390,bright right_heavy top_heavy,3
1391,dark left_heavy bottom_heavy,6
1392,dark right_heavy top_heavy,9
1393,bright left_heavy bottom_heavy,6
1394,dark left_heavy top_heavy,1
1395,bright left_heavy top_heavy,7
1396,dark left_heavy top_heavy,5
1397,dark right_heavy bottom_heavy,4
1398,dark right_heavy bottom_heavy,4
1399,bright right_heavy top_heavy,7
1400,dark right_heavy top_heavy,2
1401,dark left_heavy top_heavy,8
1402,bright right_heavy bottom_heavy,2
1403,bright right_heavy bottom_heavy,2
1404,bright right_heavy bottom_heavy,5
1405,dark right_heavy top_heavy,7
1406,dark right_heavy top_heavy,9
1407,dark left_heavy top_heavy,5
1408,dark right_heavy bottom_heavy,4
1409,bright left_heavy top_heavy,8
1410,bright left_heavy top_heavy,8
1411,dark left_heavy bottom_heavy,4
1412,dark right_heavy top_heavy,9
1413,bright left_heavy bottom_heavy,0
1414,dark left_heavy top_heavy,8
1415,dark right_heavy bottom_heavy,0
1416,dark right_heavy top_heavy,1
1417,dark left_heavy bottom_heavy,2
1418,dark right_heavy bottom_heavy,3
1419,bright left_heavy bottom_heavy,4
1420,dark left_heavy top_heavy,5
1421,dark left_heavy bottom_heavy,6
1422,dark right_heavy top_heavy,7
1423,dark right_heavy top_heavy,8
1424,dark right_heavy top_heavy,9
1425,dark right_heavy top_heavy,0
1426,dark right_heavy top_heavy,1
1427,bright left_heavy bottom_heavy,2
1428,bright right_heavy bottom_heavy,3
1429,dark left_heavy bottom_heavy,4
1430,bright right_heavy top_heavy,5
1431,dark left_heavy bottom_heavy,6
1432,dark right_heavy top_heavy,7
1433,bright right_heavy top_heavy,8
1434,bright right_heavy top_heavy,9
1435,dark right_heavy top_heavy,0
1436,bright right_heavy top_heavy,1
1437,bright left_heavy bottom_heavy,2
1438,dark right_heavy bottom_heavy,3
1439,bright left_heavy bottom_heavy,4
1440,dark left_heavy top_heavy,5
1441,dark left_heavy bottom_heavy,6
1442,bright right_heavy top_heavy,7
1443,bright right_heavy top_heavy,8
1444,dark right_heavy top_heavy,9
1445,dark left_heavy top_heavy,0
1446,bright right_heavy top_heavy,9
1447,bright right_heavy top_heavy,5
1448,dark left_heavy top_heavy,5
1449,dark left_heavy bottom_heavy,6
1450,dark right_heavy top_heavy,5
1451,dark left_heavy top_heavy,0
1452,dark right_heavy top_heavy,9
1453,bright right_heavy top_heavy,8
1454,bright right_heavy top_heavy,9
1455,bright right_heavy top_heavy,8
1456,bright right_heavy bottom_heavy,4
1457,bright right_heavy top_heavy,1
1458,dark right_heavy top_heavy,7
1459,dark right_heavy top_heavy,7
1460,dark right_heavy bottom_heavy,3
1461,dark right_heavy top_heavy,5
1462,dark right_heavy top_heavy,1
1463,dark left_heavy top_heavy,0
1464,dark right_heavy bottom_heavy,0
1465,dark right_heavy bottom_heavy,2
1466,dark left_heavy bottom_heavy,2
1467,dark right_heavy top_heavy,7
1468,dark right_heavy top_heavy,8
1469,dark left_heavy bottom_heavy,2
1470,bright left_heavy bottom_heavy,0
1471,dark right_heavy top_heavy,1
1472,bright left_heavy bottom_heavy,2
1473,dark left_heavy bottom_heavy,6
1474,bright right_heavy bottom_heavy,3
1475,dark right_heavy bottom_heavy,3
1476,dark right_heavy top_heavy,7
1477,bright right_heavy bottom_heavy,3
1478,dark right_heavy bottom_heavy,3
1479,dark left_heavy bottom_heavy,4
1480,dark left_heavy bottom_heavy,6
1481,dark left_heavy bottom_heavy,6
1482,bright left_heavy bottom_heavy,6
1483,dark left_heavy bottom_heavy,4
1484,dark right_heavy top_heavy,9
1485,dark right_heavy top_heavy,1
1486,dark right_heavy top_heavy,5
1487,bright left_heavy top_heavy,0
1488,dark right_heavy top_heavy,9
1489,dark left_heavy bottom_heavy,5
1490,dark left_heavy bottom_heavy,2
1491,dark right_heavy top_heavy,8
1492,bright left_heavy bottom_heavy,2
1493,bright left_heavy bottom_heavy,0
1494,dark right_heavy bottom_heavy,0
1495,bright right_heavy top_heavy,1
1496,dark right_heavy top_heavy,7
1497,dark left_heavy bottom_heavy,6
1498,dark right_heavy bottom_heavy,3
1499,dark left_heavy bottom_heavy,2
1500,dark right_heavy top_heavy,1
1501,dark right_heavy top_heavy,7
1502,dark left_heavy bottom_heavy,4
1503,dark left_heavy bottom_heavy,6
1504,bright right_heavy bottom_heavy,3
1505,bright right_heavy top_heavy,1
1506,dark right_heavy bottom_heavy,3
1507,dark right_heavy top_heavy,9
1508,dark right_heavy top_heavy,1
1509,dark right_heavy top_heavy,7
1510,dark left_heavy bottom_heavy,6
1511,bright right_heavy top_heavy,8
1512,bright left_heavy bottom_heavy,4
1513,dark right_heavy bottom_heavy,3
1514,dark right_heavy top_heavy,1
1515,bright left_heavy bottom_heavy,4
1516,dark left_heavy bottom_heavy,0
1517,dark left_heavy top_heavy,5
1518,dark right_heavy bottom_heavy,3
1519,dark left_heavy bottom_heavy,6
1520,dark right_heavy top_heavy,9
1521,dark left_heavy bottom_heavy,6
1522,bright right_heavy top_heavy,1
1523,bright right_heavy top_heavy,7
1524,dark right_heavy top_heavy,5
1525,bright left_heavy bottom_heavy,4
1526,bright left_heavy bottom_heavy,4
1527,dark right_heavy top_heavy,7
1528,bright left_heavy bottom_heavy,2
1529,bright right_heavy top_heavy,8
1530,bright right_heavy bottom_heavy,2
1531,bright left_heavy bottom_heavy,2
1532,bright left_heavy bottom_heavy,5
1533,bright right_heavy top_heavy,7
1534,dark right_heavy top_heavy,9
1535,dark left_heavy top_heavy,5
1536,bright left_heavy bottom_heavy,4
1537,bright right_heavy top_heavy,8
1538,bright right_heavy top_heavy,8
1539,bright right_heavy bottom_heavy,4
1540,dark right_heavy top_heavy,9
1541,dark left_heavy bottom_heavy,0
1542,bright right_heavy top_heavy,8
1543,dark right_heavy top_heavy,9
1544,dark right_heavy top_heavy,8
1545,bright left_heavy bottom_heavy,0
1546,dark left_heavy top_heavy,1
1547,dark right_heavy bottom_heavy,2
1548,dark right_heavy top_heavy,3
1549,bright left_heavy bottom_heavy,4
1550,dark left_heavy top_heavy,5
1551,dark right_heavy bottom_heavy,6
1552,dark left_heavy top_heavy,7
1553,dark left_heavy top_heavy,8
1554,dark right_heavy top_heavy,9
1555,bright left_heavy top_heavy,0
1556,dark left_heavy top_heavy,1
1557,dark right_heavy bottom_heavy,2
1558,dark right_heavy top_heavy,3
1559,dark left_heavy bottom_heavy,4
1560,dark left_heavy top_heavy,5
1561,dark right_heavy bottom_heavy,6
1562,dark right_heavy top_heavy,9
1563,bright left_heavy bottom_heavy,0
1564,bright left_heavy top_heavy,1
1565,dark right_heavy bottom_heavy,2
1566,dark right_heavy top_heavy,3
1567,bright left_heavy bottom_heavy,4
1568,bright left_heavy top_heavy,5
1569,dark right_heavy bottom_heavy,6
1570,dark left_heavy top_heavy,7
1571,dark left_heavy top_heavy,8
1572,bright right_heavy top_heavy,9
1573,dark left_heavy bottom_heavy,0
1574,bright right_heavy top_heavy,9
1575,bright left_heavy top_heavy,5
1576,dark left_heavy top_heavy,5
1577,bright left_heavy bottom_heavy,6
1578,dark left_heavy top_heavy,5
1579,dark left_heavy bottom_heavy,0
1580,dark right_heavy top_heavy,9
1581,bright left_heavy top_heavy,8
1582,bright left_heavy top_heavy,9
1583,dark right_heavy top_heavy,8
1584,dark left_heavy bottom_heavy,4
1585,dark right_heavy bottom_heavy,1
1586,dark right_heavy top_heavy,7
1587,dark left_heavy top_heavy,7
1588,dark right_heavy top_heavy,3
1589,dark left_heavy top_heavy,5
1590,dark left_heavy top_heavy,1
1591,bright left_heavy bottom_heavy,0
1592,dark left_heavy bottom_heavy,0
1593,bright right_heavy bottom_heavy,2
1594,bright left_heavy bottom_heavy,2
1595,dark left_heavy top_heavy,7
1596,bright left_heavy top_heavy,8
1597,dark right_heavy bottom_heavy,2
1598,dark right_heavy bottom_heavy,0
1599,dark left_heavy top_heavy,1
1600,bright left_heavy bottom_heavy,2
1601,dark left_heavy bottom_heavy,6
1602,dark left_heavy top_heavy,3
1603,dark left_heavy top_heavy,3
1604,dark left_heavy top_heavy,7
1605,dark right_heavy bottom_heavy,3
1606,dark right_heavy top_heavy,3
1607,dark left_heavy bottom_heavy,4
1608,bright right_heavy bottom_heavy,6
1609,dark right_heavy bottom_heavy,6
1610,dark right_heavy bottom_heavy,6
1611,dark left_heavy top_heavy,4
1612,dark right_heavy top_heavy,9
1613,dark left_heavy bottom_heavy,1
1614,dark left_heavy top_heavy,5
1615,bright left_heavy bottom_heavy,0
1616,dark right_heavy top_heavy,9
1617,dark left_heavy top_heavy,5
1618,dark right_heavy bottom_heavy,2
1619,dark right_heavy bottom_heavy,8
1620,bright left_heavy bottom_heavy,0
1621,dark left_heavy top_heavy,1
1622,dark left_heavy top_heavy,7
1623,bright right_heavy bottom_heavy,6
1624,bright right_heavy top_heavy,3
1625,dark left_heavy bottom_heavy,2
1626,dark left_heavy top_heavy,1
1627,dark left_heavy top_heavy,7
1628,dark left_heavy top_heavy,4
1629,dark right_heavy bottom_heavy,6
1630,dark right_heavy top_heavy,3
1631,dark right_heavy bottom_heavy,1
1632,bright right_heavy top_heavy,3
1633,dark right_heavy top_heavy,9
1634,dark left_heavy top_heavy,1
1635,bright left_heavy top_heavy,7
1636,dark left_heavy bottom_heavy,6
1637,bright left_heavy top_heavy,8
1638,dark left_heavy bottom_heavy,4
1639,dark right_heavy top_heavy,3
1640,dark right_heavy bottom_heavy,1
1641,bright left_heavy bottom_heavy,4
1642,bright right_heavy bottom_heavy,0
1643,dark left_heavy top_heavy,5
1644,dark right_heavy top_heavy,3
1645,dark left_heavy bottom_heavy,6
1646,dark right_heavy top_heavy,9
1647,bright left_heavy bottom_heavy,6
1648,dark right_heavy bottom_heavy,1
1649,bright right_heavy top_heavy,7
1650,dark left_heavy top_heavy,5
1651,dark left_heavy bottom_heavy,4
1652,bright left_heavy top_heavy,4
1653,bright left_heavy top_heavy,7
1654,bright left_heavy bottom_heavy,2
1655,bright right_heavy bottom_heavy,2
1656,dark left_heavy top_heavy,5
1657,bright left_heavy top_heavy,7
1658,bright right_heavy top_heavy,9
1659,dark left_heavy top_heavy,5
1660,dark left_heavy top_heavy,4
1661,dark left_heavy bottom_heavy,4
1662,dark left_heavy top_heavy,9
1663,dark right_heavy top_heavy,0
1664,dark left_heavy top_heavy,8
1665,dark left_heavy top_heavy,9
1666,dark right_heavy bottom_heavy,8
1667,bright left_heavy top_heavy,0
1668,bright left_heavy top_heavy,1
1669,dark left_heavy bottom_heavy,2
1670,dark right_heavy top_heavy,3
1671,dark right_heavy bottom_heavy,4
1672,dark right_heavy top_heavy,5
1673,dark left_heavy bottom_heavy,6
1674,bright right_heavy top_heavy,7
1675,bright left_heavy bottom_heavy,8
1676,bright right_heavy top_heavy,9
1677,dark left_heavy bottom_heavy,0
1678,bright left_heavy top_heavy,1
1679,dark left_heavy bottom_heavy,2
1680,bright right_heavy bottom_heavy,3
1681,dark left_heavy bottom_heavy,4
1682,bright left_heavy top_heavy,5
1683,dark left_heavy bottom_heavy,6
1684,bright right_heavy bottom_heavy,7
1685,bright left_heavy bottom_heavy,8
1686,bright right_heavy top_heavy,9
1687,dark left_heavy bottom_heavy,0
1688,bright left_heavy bottom_heavy,1
1689,dark left_heavy bottom_heavy,2
1690,bright left_heavy top_heavy,3
1691,dark right_heavy bottom_heavy,4
1692,dark left_heavy top_heavy,5
1693,bright left_heavy bottom_heavy,6
1694,bright right_heavy top_heavy,7
1695,bright left_heavy bottom_heavy,8
1696,dark right_heavy top_heavy,9
1697,dark left_heavy bottom_heavy,0
1698,dark right_heavy top_heavy,9
1699,bright left_heavy top_heavy,5
1700,bright right_heavy top_heavy,5
1701,bright left_heavy bottom_heavy,6
1702,dark left_heavy top_heavy,5
1703,bright left_heavy bottom_heavy,0
1704,bright right_heavy top_heavy,9
1705,bright left_heavy bottom_heavy,8
1706,dark right_heavy top_heavy,9
1707,dark left_heavy bottom_heavy,8
1708,dark right_heavy bottom_heavy,4
1709,bright right_heavy bottom_heavy,1
1710,bright right_heavy bottom_heavy,7
1711,bright right_heavy top_heavy,7
1712,dark right_heavy top_heavy,3
1713,dark left_heavy top_heavy,5
1714,bright left_heavy top_heavy,1
1715,bright left_heavy bottom_heavy,0
1716,dark left_heavy bottom_heavy,0
1717,dark left_heavy bottom_heavy,2
1718,bright left_heavy bottom_heavy,2
1719,bright left_heavy bottom_heavy,7
1720,dark left_heavy top_heavy,8
1721,dark left_heavy bottom_heavy,2
1722,bright left_heavy bottom_heavy,0
1723,bright left_heavy bottom_heavy,1
1724,bright left_heavy bottom_heavy,2
1725,bright left_heavy bottom_heavy,6
1726,bright right_heavy top_heavy,3
1727,bright right_heavy top_heavy,3
1728,bright right_heavy bottom_heavy,7
1729,bright right_heavy bottom_heavy,3
1730,dark right_heavy top_heavy,3
1731,dark right_heavy bottom_heavy,4
1732,dark left_heavy bottom_heavy,6
1733,bright left_heavy bottom_heavy,6
1734,dark left_heavy bottom_heavy,6
1735,bright right_heavy bottom_heavy,4
1736,bright right_heavy top_heavy,9
1737,bright left_heavy top_heavy,1
1738,dark left_heavy top_heavy,5
1739,bright left_heavy top_heavy,0
1740,dark right_heavy top_heavy,9
1741,dark left_heavy top_heavy,5
1742,dark left_heavy bottom_heavy,2
1743,bright left_heavy top_heavy,8
1744,bright left_heavy bottom_heavy,2
1745,dark left_heavy bottom_heavy,0
1746,bright left_heavy top_heavy,0
1747,bright left_heavy top_heavy,1
1748,bright left_heavy bottom_heavy,7
1749,bright left_heavy bottom_heavy,6
1750,bright right_heavy top_heavy,3
1751,dark right_heavy bottom_heavy,2
1752,bright right_heavy top_heavy,1
1753,dark left_heavy bottom_heavy,7
1754,bright right_heavy bottom_heavy,4
1755,bright left_heavy bottom_heavy,6
1756,dark right_heavy top_heavy,3
1757,bright right_heavy top_heavy,1
1758,bright right_heavy bottom_heavy,3
1759,bright right_heavy top_heavy,9
1760,bright left_heavy bottom_heavy,1
1761,dark right_heavy top_heavy,7
1762,dark left_heavy bottom_heavy,6
1763,bright left_heavy top_heavy,8
1764,bright right_heavy bottom_heavy,4
1765,bright right_heavy top_heavy,3
1766,bright left_heavy top_heavy,1
1767,dark right_heavy bottom_heavy,4
1768,bright left_heavy bottom_heavy,0
1769,dark left_heavy top_heavy,5
1770,dark right_heavy top_heavy,3
1771,bright left_heavy bottom_heavy,6
1772,bright right_heavy top_heavy,9
1773,dark left_heavy bottom_heavy,6
1774,bright left_heavy bottom_heavy,1
1775,dark left_heavy top_heavy,7
1776,bright left_heavy bottom_heavy,5
1777,dark right_heavy bottom_heavy,4
1778,bright right_heavy bottom_heavy,4
1779,dark right_heavy top_heavy,7
1780,bright left_heavy bottom_heavy,2
1781,bright left_heavy bottom_heavy,8
1782,bright left_heavy bottom_heavy,2
1783,dark left_heavy bottom_heavy,2
1784,dark right_heavy top_heavy,5
1785,bright left_heavy top_heavy,7
1786,bright right_heavy top_heavy,9
1787,dark left_heavy top_heavy,5
1788,bright right_heavy bottom_heavy,4
1789,bright left_heavy bottom_heavy,8
1790,bright right_heavy bottom_heavy,8
1791,bright left_heavy bottom_heavy,4
1792,bright right_heavy top_heavy,9
1793,bright left_heavy bottom_heavy,0
1794,bright left_heavy bottom_heavy,8
1795,bright right_heavy top_heavy,9
1796,bright left_heavy bottom_heavy,8
